Workbook

Sheet Pre-processing
A2: Script Table | B2: Script.txt
A3: // Modifies the X position of line end B
A4: //
A5: //
C7: Select "Pipe"
A8: // Case | B8: LoadData | C8: EndBX = | D8: SaveData
A9: 01 | B9: "basecase.dat" | C9: -363 | D9: ="Case0"&A9&".dat" -> Case001.dat
A10: 02 | C10: -364 | D10: ="Case0"&A10&".dat" -> Case002.dat
A11: 03 | C11: -365 | D11: ="Case0"&A11&".dat" -> Case003.dat
A12: 04 | C12: -366 | D12: ="Case0"&A12&".dat" -> Case004.dat
A13: 05 | C13: -367 | D13: ="Case0"&A13&".dat" -> Case005.dat
A14: 06 | C14: -368 | D14: ="Case0"&A14&".dat" -> Case006.dat
A15: 07 | C15: -369 | D15: ="Case0"&A15&".dat" -> Case007.dat
A16: 08 | C16: -370 | D16: ="Case0"&A16&".dat" -> Case008.dat
A17: 09 | C17: -371 | D17: ="Case0"&A17&".dat" -> Case009.dat
A18: 10 | C18: -372 | D18: ="Case0"&A18&".dat" -> Case010.dat
A19: 11 | C19: -373 | D19: ="Case0"&A19&".dat" -> Case011.dat
A20: 12 | C20: -374 | D20: ="Case0"&A20&".dat" -> Case012.dat
A21: 13 | C21: -375 | D21: ="Case0"&A21&".dat" -> Case013.dat
... A26: 18 | C26: -380 | D26: ="Case0"&A26&".dat" -> Case018.dat

Sheet General Post-processing
A3: Sheet | B3: Label | D3: Output | F3: Object | G3: Additional | H3: Simulation
A4: Name | B4: Cell | C4: Label | D4: Cell | E4: Command | F4: Name | G4: Data | H4: Period | I4: Variable
A5: General Results | E5: Clear
E6: Load Case001.sim
A7: General Results | B7: B1 | C7: =RIGHT(E6,LEN(E6)-5) -> Case001.sim
A8: General Results | B8: A2 | C8: Pipe Bottom End Position | D8: B2 | E8: Static Result | F8: Pipe | G8: End B | I8: X
A9: General Results | B9: A3 | C9: Support 1 Reaction Force | D9: B3 | E9: Static Result | F9: Vessel1 | G9: SupportIndex=1 | I9: Support Reaction Force
A10: General Results | B10: A4 | C10: Support 2 Reaction Force | D10: B4 | E10: Static Result | F10: Vessel1 | G10: SupportIndex=2 | I10: Support Reaction Force
A11: General Results | B11: A5 | C11: Support 3 Reaction Force | D11: B5 | E11: Static Result | F11: Vessel1 | G11: SupportIndex=3 | I11: Support Reaction Force
A12: General Results | B12: A6 | C12: Support 4 Reaction Force | D12: B6 | E12: Static Result | F12: Vessel1 | G12: SupportIndex=4 | I12: Support Reaction Force
A13: General Results | B13: A7 | C13: Support 5 Reaction Force | D13: B7 | E13: Static Result | F13: Vessel1 | G13: SupportIndex=5 | I13: Support Reaction Force
A14: General Results | B14: A8 | C14: Max Support Lift Out | D14: B8 | E14: Static Result | F14: Vessel1 | G14: SupportedLineName=Pipe | I14: Max Support Lift Out
A15: General Results | B15: A9 | C15: Top Tension | D15: B9 | E15: Static Result | F15: Pipe | G15: End A | I15: Effective Tension
A16: General Results | B16: A10 | C16: Pipe Effective Tension (Touchdown) | D16: B10 | E16: Static Result | F16: Pipe | G16: Touchdown | I16: Effective Tension
A17: General Results | B17: A11 | C17: Top Bend Moment | D17: B11 | E17: Static Result | F17: Pipe | G17: End A | I17: Bend Moment
A18: General Results | B18: A12 | C18: Suspended Length | D18: B12 | E18: Static Result | F18: Pipe | G18: Touchdown | I18: Arc Length
A19: General Results | B19: A13 | C19: Touchdown Position | D19: B13 | E19: Static Result | F19: Pipe | G19: Touchdown | I19: X
... A23: General Results | B23: A17 | C23: Pipe End Lx-Force (End A) | D23: B17 | E23: Static Result | F23: Pipe | G23: End A | I23: End Lx-Force
A24: General Results | B24: A18 | C24: Vessel1 Name | D24: B18 | E24: Get Data | F24: Vessel1 | I24: Name
A25: General Results | B25: A19 | C25: 8" x 14mm Type Name | D25: B19 | E25: Get Data | F25: 8" x 14mm Type | I25: Name
A26: General Results | B26: A20 | C26: Top End Declination | D26: B20 | E26: Static Result | F26: Pipe | G26: End A | I26: Declination
A27: General Results | B27: A21 | C27: Environment WaterDepth | D27: B21 | E27: Get Data | F27: Environment | I27: WaterDepth
A28: General Results | B28: A22 | C28: Environment SeabedSlope | D28: B22 | E28: Get Data | F28: Environment | I28: SeabedSlope
A29: General Results | B29: A23 | C29: Environment RefCurrentSpeed | D29: B23 | E29: Get Data | F29: Environment | I29: RefCurrentSpeed
A30: General Results | B30: A24 | C30: Environment CurrentFactor[1] | D30: B24 | E30: Get Data | F30: Environment | I30: CurrentFactor[1]
A31: General Results | B31: A25 | C31: Environment CurrentFactor[2] | D31: B25 | E31: Get Data | F31: Environment | I31: CurrentFactor[2]
A32: General Results | B32: A26 | C32: Environment RefCurrentDirection | D32: B26 | E32: Get Data | F32: Environment | I32: RefCurrentDirection
A33: General Results | B33: A27 | C33: API CODE CHECK SMYS | D33: B27 | E33: Get Data | F33: 8" x 14mm Type | I33: APIRP1111S
A34: General Results | B34: A28 | C34: Pipe API RP 1111 Max Combined | D34: B28 | E34: Range Graph Max | F34: Pipe | I34: API RP 1111 Max Combined
A35: General Results | B35: A29 | C35: Pipe Minimum Tension | D35: B29 | E35: Range Graph Min | F35: Pipe | I35: Effective Tension
E36: Load Case002.sim
A37: General Results | B37: D1 | C37: =RIGHT(E36,LEN(E36)-5) -> Case002.sim
A38: General Results | B38: C2 | C38: Pipe Bottom End Position | D38: D2 | E38: Static Result | F38: Pipe | G38: End B | I38: X
A39: General Results | B39: C3 | C39: Support 1 Reaction Force | D39: D3 | E39: Static Result | F39: Vessel1 | G39: SupportIndex=1 | I39: Support Reaction Force
A40: General Results | B40: C4 | C40: Support 2 Reaction Force | D40: D4 | E40: Static Result | F40: Vessel1 | G40: SupportIndex=2 | I40: Support Reaction Force
A41: General Results | B41: C5 | C41: Support 3 Reaction Force | D41: D5 | E41: Static Result | F41: Vessel1 | G41: SupportIndex=3 | I41: Support Reaction Force
A42: General Results | B42: C6 | C42: Support 4 Reaction Force | D42: D6 | E42: Static Result | F42: Vessel1 | G42: SupportIndex=4 | I42: Support Reaction Force
A43: General Results | B43: C7 | C43: Support 5 Reaction Force | D43: D7 | E43: Static Result | F43: Vessel1 | G43: SupportIndex=5 | I43: Support Reaction Force
A44: General Results | B44: C8 | C44: Max Support Lift Out | D44: D8 | E44: Static Result | F44: Vessel1 | G44: SupportedLineName=Pipe | I44: Max Support Lift Out
A45: General Results | B45: C9 | C45: Top Tension | D45: D9 | E45: Static Result | F45: Pipe | G45: End A | I45: Effective Tension
A46: General Results | B46: C10 | C46: Pipe Effective Tension (Touchdown) | D46: D10 | E46: Static Result | F46: Pipe | G46: Touchdown | I46: Effective Tension
A47: General Results | B47: C11 | C47: Top Bend Moment | D47: D11 | E47: Static Result | F47: Pipe | G47: End A | I47: Bend Moment
A48: General Results | B48: C12 | C48: Suspended Length | D48: D12 | E48: Static Result | F48: Pipe | G48: Touchdown | I48: Arc Length
A49: General Results | B49: C13 | C49: Touchdown Position | D49: D13 | E49: Static Result | F49: Pipe | G49: Touchdown | I49: X
... A53: General Results | B53: C17 | C53: Pipe End Lx-Force (End A) | D53: D17 | E53: Static Result | F53: Pipe | G53: End A | I53: End Lx-Force
A54: General Results | B54: C18 | C54: Vessel1 Name | D54: D18 | E54: Get Data | F54: Vessel1 | I54: Name
A55: General Results | B55: C19 | C55: 8" x 14mm Type Name | D55: D19 | E55: Get Data | F55: 8" x 14mm Type | I55: Name
A56: General Results | B56: C20 | C56: Top End Declination | D56: D20 | E56: Static Result | F56: Pipe | G56: End A | I56: Declination
A57: General Results | B57: C21 | C57: Environment WaterDepth | D57: D21 | E57: Get Data | F57: Environment | I57: WaterDepth
A58: General Results | B58: C22 | C58: Environment SeabedSlope | D58: D22 | E58: Get Data | F58: Environment | I58: SeabedSlope
A59: General Results | B59: C23 | C59: Environment RefCurrentSpeed | D59: D23 | E59: Get Data | F59: Environment | I59: RefCurrentSpeed
A60: General Results | B60: C24 | C60: Environment CurrentFactor[1] | D60: D24 | E60: Get Data | F60: Environment | I60: CurrentFactor[1]
A61: General Results | B61: C25 | C61: Environment CurrentFactor[2] | D61: D25 | E61: Get Data | F61: Environment | I61: CurrentFactor[2]
A62: General Results | B62: C26 | C62: Environment RefCurrentDirection | D62: D26 | E62: Get Data | F62: Environment | I62: RefCurrentDirection
A63: General Results | B63: C27 | C63: API CODE CHECK SMYS | D63: D27 | E63: Get Data | F63: 8" x 14mm Type | I63: APIRP1111S
A64: General Results | B64: C28 | C64: Pipe API RP 1111 Max Combined | D64: D28 | E64: Range Graph Max | F64: Pipe | I64: API RP 1111 Max Combined
A65: General Results | B65: C29 | C65: Pipe Minimum Tension | D65: D29 | E65: Range Graph Min | F65: Pipe | I65: Effective Tension
E66: Load Case003.sim
A67: General Results | B67: F1 | C67: =RIGHT(E66,LEN(E66)-5) -> Case003.sim
A68: General Results | B68: E2 | C68: Pipe Bottom End Position | D68: F2 | E68: Static Result | F68: Pipe | G68: End B | I68: X
A69: General Results | B69: E3 | C69: Support 1 Reaction Force | D69: F3 | E69: Static Result | F69: Vessel1 | G69: SupportIndex=1 | I69: Support Reaction Force
A70: General Results | B70: E4 | C70: Support 2 Reaction Force | D70: F4 | E70: Static Result | F70: Vessel1 | G70: SupportIndex=2 | I70: Support Reaction Force
A71: General Results | B71: E5 | C71: Support 3 Reaction Force | D71: F5 | E71: Static Result | F71: Vessel1 | G71: SupportIndex=3 | I71: Support Reaction Force
A72: General Results | B72: E6 | C72: Support 4 Reaction Force | D72: F6 | E72: Static Result | F72: Vessel1 | G72: SupportIndex=4 | I72: Support Reaction Force
A73: General Results | B73: E7 | C73: Support 5 Reaction Force | D73: F7 | E73: Static Result | F73: Vessel1 | G73: SupportIndex=5 | I73: Support Reaction Force
A74: General Results | B74: E8 | C74: Max Support Lift Out | D74: F8 | E74: Static Result | F74: Vessel1 | G74: SupportedLineName=Pipe | I74: Max Support Lift Out
A75: General Results | B75: E9 | C75: Top Tension | D75: F9 | E75: Static Result | F75: Pipe | G75: End A | I75: Effective Tension
A76: General Results | B76: E10 | C76: Pipe Effective Tension (Touchdown) | D76: F10 | E76: Static Result | F76: Pipe | G76: Touchdown | I76: Effective Tension
A77: General Results | B77: E11 | C77: Top Bend Moment | D77: F11 | E77: Static Result | F77: Pipe | G77: End A | I77: Bend Moment
A78: General Results | B78: E12 | C78: Suspended Length | D78: F12 | E78: Static Result | F78: Pipe | G78: Touchdown | I78: Arc Length
A79: General Results | B79: E13 | C79: Touchdown Position | D79: F13 | E79: Static Result | F79: Pipe | G79: Touchdown | I79: X
... A83: General Results | B83: E17 | C83: Pipe End Lx-Force (End A) | D83: F17 | E83: Static Result | F83: Pipe | G83: End A | I83: End Lx-Force
A84: General Results | B84: E18 | C84: Vessel1 Name | D84: F18 | E84: Get Data | F84: Vessel1 | I84: Name
A85: General Results | B85: E19 | C85: 8" x 14mm Type Name | D85: F19 | E85: Get Data | F85: 8" x 14mm Type | I85: Name
A86: General Results | B86: E20 | C86: Top End Declination | D86: F20 | E86: Static Result | F86: Pipe | G86: End A | I86: Declination
A87: General Results | B87: E21 | C87: Environment WaterDepth | D87: F21 | E87: Get Data | F87: Environment | I87: WaterDepth
A88: General Results | B88: E22 | C88: Environment SeabedSlope | D88: F22 | E88: Get Data | F88: Environment | I88: SeabedSlope
A89: General Results | B89: E23 | C89: Environment RefCurrentSpeed | D89: F23 | E89: Get Data | F89: Environment | I89: RefCurrentSpeed
A90: General Results | B90: E24 | C90: Environment CurrentFactor[1] | D90: F24 | E90: Get Data | F90: Environment | I90: CurrentFactor[1]
A91: General Results | B91: E25 | C91: Environment CurrentFactor[2] | D91: F25 | E91: Get Data | F91: Environment | I91: CurrentFactor[2]
A92: General Results | B92: E26 | C92: Environment RefCurrentDirection | D92: F26 | E92: Get Data | F92: Environment | I92: RefCurrentDirection
A93: General Results | B93: E27 | C93: API CODE CHECK SMYS | D93: F27 | E93: Get Data | F93: 8" x 14mm Type | I93: APIRP1111S
A94: General Results | B94: E28 | C94: Pipe API RP 1111 Max Combined | D94: F28 | E94: Range Graph Max | F94: Pipe | I94: API RP 1111 Max Combined
A95: General Results | B95: E29 | C95: Pipe Minimum Tension | D95: F29 | E95: Range Graph Min | F95: Pipe | I95: Effective Tension
E96: Load Case004.sim
A97: General Results | B97: H1 | C97: =RIGHT(E96,LEN(E96)-5) -> Case004.sim
A98: General Results | B98: G2 | C98: Pipe Bottom End Position | D98: H2 | E98: Static Result | F98: Pipe | G98: End B | I98: X
A99: General Results | B99: G3 | C99: Support 1 Reaction Force | D99: H3 | E99: Static Result | F99: Vessel1 | G99: SupportIndex=1 | I99: Support Reaction Force
A100: General Results | B100: G4 | C100: Support 2 Reaction Force | D100: H4 | E100: Static Result | F100: Vessel1 | G100: SupportIndex=2 | I100: Support Reaction Force
A101: General Results | B101: G5 | C101: Support 3 Reaction Force | D101: H5 | E101: Static Result | F101: Vessel1 | G101: SupportIndex=3 | I101: Support Reaction Force
A102: General Results | B102: G6 | C102: Support 4 Reaction Force | D102: H6 | E102: Static Result | F102: Vessel1 | G102: SupportIndex=4 | I102: Support Reaction Force
A103: General Results | B103: G7 | C103: Support 5 Reaction Force | D103: H7 | E103: Static Result | F103: Vessel1 | G103: SupportIndex=5 | I103: Support Reaction Force
A104: General Results | B104: G8 | C104: Max Support Lift Out | D104: H8 | E104: Static Result | F104: Vessel1 | G104: SupportedLineName=Pipe | I104: Max Support Lift Out
A105: General Results | B105: G9 | C105: Top Tension | D105: H9 | E105: Static Result | F105: Pipe | G105: End A | I105: Effective Tension
A106: General Results | B106: G10 | C106: Pipe Effective Tension (Touchdown) | D106: H10 | E106: Static Result | F106: Pipe | G106: Touchdown | I106: Effective Tension
A107: General Results | B107: G11 | C107: Top Bend Moment | D107: H11 | E107: Static Result | F107: Pipe | G107: End A | I107: Bend Moment
A108: General Results | B108: G12 | C108: Suspended Length | D108: H12 | E108: Static Result | F108: Pipe | G108: Touchdown | I108: Arc Length
A109: General Results | B109: G13 | C109: Touchdown Position | D109: H13 | E109: Static Result | F109: Pipe | G109: Touchdown | I109: X
... A113: General Results | B113: G17 | C113: Pipe End Lx-Force (End A) | D113: H17 | E113: Static Result | F113: Pipe | G113: End A | I113: End Lx-Force
A114: General Results | B114: G18 | C114: Vessel1 Name | D114: H18 | E114: Get Data | F114: Vessel1 | I114: Name
...

Sheet __$Orcina_Hidden_Sheet$__
A1: Duplicate - Script file name | B1: Script.txt | C1: ArcLength | D1: 0 | E1: Version | F1: 9.9a5
A2: Duplicate - Sheet base name | B2: Results | C2: BatchName | D2: APIRP1111S | E2: Requires | F2: 9.3c1 | H2: IgnoreErrors | I2: FALSE
A3: Duplicate - Xoffset | B3: 6 | C3: OverwriteLabels | D3: TRUE | H3: ContainsDependencies | I3: FALSE
A4: Duplicate - Yoffset | B4: 0 | C4: ClearanceLineindex | D4: 65500 | H4: InstructionsSheetIndex | I4: 4
A5: Duplicate - Different sheets | B5: 1 | C5: Command | D5: 26
A6: Duplicate - Specified Files | B6: 0 | C6: Position.X | D6: 0
A7: Duplicate - Number of Files | B7: 18 | C7: Position.Y | D7: 0
A8: Duplicate - Duplicate Labels | B8: TRUE | C8: Position.Z (Global) | D8: 0
A9: Duplicate - Sheet name method | B9: 0 | C9: FileName | D9: Case020.sim
C10: FromArcLength | D10: 0
C11: GetDataIndex | D11: 2
C12: InsertMethod | D12: 0
C13: Label | D13: Pipe Minimum Tension
C14: LabelCell | D14: B29
C15: LinePosition | D15: 0
C16: NodeNumber | D16: 5
C17: ObjectIndex | D17: 7
C18: OutputCell | D18: C29
C19: Position.Z (Local) | D19: 0
C20: Period | D20: 2
C21: Radius | D21: 0
C22: ArcLengthRange | D22: 0
C23: SubObject | D23: 0
C24: ResultsSheetName | D24: General Results
C25: SpecifiedPeriodFrom | D25: -8
C26: SpecifiedPeriodTo | D26: 16
C27: Theta | D27: 0
C28: ToArcLength | D28: 0
C29: UseDefaultLabel | D29: FALSE
C30: SelectedVarIDs | D30: nnnnnnnnnnynnnnnnnnnnnnnnnnnnnnnnnnnnnnnnnnnnnnnnnnnnnnnnnnnnnnnnnnnnnnnnnnnnnnnnnnnnnnnnnnnnnnnnnnnnnnnnnnnnnnnnnnnnnnnnnnnnnnnnnnnnnnnnnnnnnnnnnnnnnnnnnnnnnnnnnnnnnnnnnnnnnnnnnnnnnnnnnnnnnnnnnnnnnnnnnnnnnnnnnnnnnnnnnnnnnnnnnnnnnnnnnnnnnnnnnnnnnnnnnnnnnnn
C31: WinchConnectionPoint | D31: 1
C32: WingIndex | D32: 0
C33: Section | D33: 1
C34: ClearSheetName | D34: Results
C35: SourceSheetName | D35: RG Template Sheet
C36: DestinationSheetName | D36: Range Graph Results NEW
C37: RangeMin | D37: FALSE
C38: RangeMax | D38: TRUE
C39: RangeMean | D39: FALSE
C40: RangeStdDev | D40: FALSE
C41: RangeArcLength | D41: TRUE
C42: RangeUpper | D42: FALSE
C43: RangeLower | D43: FALSE
C44: ClearSheetMethod | D44: 0
C45: ClearSheetRange | D45: A1:E10
C46: RayleighExtremesToAnalyse | D46: 0
C47: RayleighExtremesStormDuration | D47: 3
C48: RayleighExtremesRiskFactor | D48: ~
C49: ExcludeHeaderText | D49: FALSE
A50: Duplicate - First File | B50: Case001.sim | D50: 65500
B51: Case002.sim | D51: 1
B52: Case003.sim | D52: 7
B53: Case004.sim
B54: Case005.sim
B55: Case006.sim
B56: Case007.sim
B57: Case008.sim
B58: Case009.sim
B59: Case010.sim
B60: Case011.sim
B61: Case012.sim
B62: Case013.sim
B63: Case014.sim
B64: Case015.sim
... B69: Case020.sim

Sheet Range Graphs Post-processing
A3: Sheet | B3: Label | D3: Output | F3: Object | G3: Additional | H3: Simulation
A4: Name | B4: Cell | C4: Label | D4: Cell | E4: Command | F4: Name | G4: Data | H4: Period | I4: Variable
E5: Load Case001.sim
A6: Range Graph Results | B6: A1 | C6: =E5 -> Load Case001.sim
A7: Range Graph Results | B7: A2 | C7: Pipe Declination | D7: A3 | E7: Range Graph | F7: Pipe | I7: Declination
A8: Range Graph Results | B8: D2 | C8: Max Von Mises Stress | D8: D3 | E8: Range Graph | F8: Pipe | I8: Max von Mises Stress
E9: Load Case002.sim
A10: Range Graph Results | B10: G1 | C10: =E9 -> Load Case002.sim
A11: Range Graph Results | B11: G2 | C11: Pipe Declination | D11: G3 | E11: Range Graph | F11: Pipe | I11: Declination
A12: Range Graph Results | B12: J2 | C12: Max Von Mises Stress | D12: J3 | E12: Range Graph | F12: Pipe | I12: Max von Mises Stress
E13: Load Case003.sim
A14: Range Graph Results | B14: M1 | C14: =E13 -> Load Case003.sim
A15: Range Graph Results | B15: M2 | C15: Pipe Declination | D15: M3 | E15: Range Graph | F15: Pipe | I15: Declination
A16: Range Graph Results | B16: P2 | C16: Max Von Mises Stress | D16: P3 | E16: Range Graph | F16: Pipe | I16: Max von Mises Stress
E17: Load Case004.sim
A18: Range Graph Results | B18: S1 | C18: =E17 -> Load Case004.sim
A19: Range Graph Results | B19: S2 | C19: Pipe Declination | D19: S3 | E19: Range Graph | F19: Pipe | I19: Declination
A20: Range Graph Results | B20: V2 | C20: Max Von Mises Stress | D20: V3 | E20: Range Graph | F20: Pipe | I20: Max von Mises Stress
E21: Load Case005.sim
A22: Range Graph Results | B22: Y1 | C22: =E21 -> Load Case005.sim
A23: Range Graph Results | B23: Y2 | C23: Pipe Declination | D23: Y3 | E23: Range Graph | F23: Pipe | I23: Declination
A24: Range Graph Results | B24: AB2 | C24: Max Von Mises Stress | D24: AB3 | E24: Range Graph | F24: Pipe | I24: Max von Mises Stress
E25: Load Case006.sim
A26: Range Graph Results | B26: AE1 | C26: =E25 -> Load Case006.sim
A27: Range Graph Results | B27: AE2 | C27: Pipe Declination | D27: AE3 | E27: Range Graph | F27: Pipe | I27: Declination
A28: Range Graph Results | B28: AH2 | C28: Max Von Mises Stress | D28: AH3 | E28: Range Graph | F28: Pipe | I28: Max von Mises Stress
E29: Load Case007.sim
A30: Range Graph Results | B30: AK1 | C30: =E29 -> Load Case007.sim
A31: Range Graph Results | B31: AK2 | C31: Pipe Declination | D31: AK3 | E31: Range Graph | F31: Pipe | I31: Declination
A32: Range Graph Results | B32: AN2 | C32: Max Von Mises Stress | D32: AN3 | E32: Range Graph | F32: Pipe | I32: Max von Mises Stress
E33: Load Case008.sim
A34: Range Graph Results | B34: AQ1 | C34: =E33 -> Load Case008.sim
A35: Range Graph Results | B35: AQ2 | C35: Pipe Declination | D35: AQ3 | E35: Range Graph | F35: Pipe | I35: Declination
A36: Range Graph Results | B36: AT2 | C36: Max Von Mises Stress | D36: AT3 | E36: Range Graph | F36: Pipe | I36: Max von Mises Stress
E37: Load Case009.sim
A38: Range Graph Results | B38: AW1 | C38: =E37 -> Load Case009.sim
A39: Range Graph Results | B39: AW2 | C39: Pipe Declination | D39: AW3 | E39: Range Graph | F39: Pipe | I39: Declination
A40: Range Graph Results | B40: AZ2 | C40: Max Von Mises Stress | D40: AZ3 | E40: Range Graph | F40: Pipe | I40: Max von Mises Stress
E41: Load Case010.sim
A42: Range Graph Results | B42: BC1 | C42: =E41 -> Load Case010.sim
A43: Range Graph Results | B43: BC2 | C43: Pipe Declination | D43: BC3 | E43: Range Graph | F43: Pipe | I43: Declination
A44: Range Graph Results | B44: BF2 | C44: Max Von Mises Stress | D44: BF3 | E44: Range Graph | F44: Pipe | I44: Max von Mises Stress
E45: Load Case011.sim
A46: Range Graph Results | B46: BI1 | C46: =E45 -> Load Case011.sim
A47: Range Graph Results | B47: BI2 | C47: Pipe Declination | D47: BI3 | E47: Range Graph | F47: Pipe | I47: Declination
A48: Range Graph Results | B48: BL2 | C48: Max Von Mises Stress | D48: BL3 | E48: Range Graph | F48: Pipe | I48: Max von Mises Stress
E49: Load Case012.sim
A50: Range Graph Results | B50: BO1 | C50: =E49 -> Load Case012.sim
A51: Range Graph Results | B51: BO2 | C51: Pipe Declination | D51: BO3 | E51: Range Graph | F51: Pipe | I51: Declination
A52: Range Graph Results | B52: BR2 | C52: Max Von Mises Stress | D52: BR3 | E52: Range Graph | F52: Pipe | I52: Max von Mises Stress
E53: Load Case013.sim
A54: Range Graph Results | B54: BU1 | C54: =E53 -> Load Case013.sim
A55: Range Graph Results | B55: BU2 | C55: Pipe Declination | D55: BU3 | E55: Range Graph | F55: Pipe | I55: Declination
A56: Range Graph Results | B56: BX2 | C56: Max Von Mises Stress | D56: BX3 | E56: Range Graph | F56: Pipe | I56: Max von Mises Stress
E57: Load Case014.sim
A58: Range Graph Results | B58: CA1 | C58: =E57 -> Load Case014.sim
A59: Range Graph Results | B59: CA2 | C59: Pipe Declination | D59: CA3 | E59: Range Graph | F59: Pipe | I59: Declination
A60: Range Graph Results | B60: CD2 | C60: Max Von Mises Stress | D60: CD3 | E60: Range Graph | F60: Pipe | I60: Max von Mises Stress
E61: Load Case015.sim
A62: Range Graph Results | B62: CG1 | C62: =E61 -> Load Case015.sim
A63: Range Graph Results | B63: CG2 | C63: Pipe Declination | D63: CG3 | E63: Range Graph | F63: Pipe | I63: Declination
A64: Range Graph Results | B64: CJ2 | C64: Max Von Mises Stress | D64: CJ3 | E64: Range Graph | F64: Pipe | I64: Max von Mises Stress
E65: Load Case016.sim
A66: Range Graph Results | B66: CM1 | C66: =E65 -> Load Case016.sim
A67: Range Graph Results | B67: CM2 | C67: Pipe Declination | D67: CM3 | E67: Range Graph | F67: Pipe | I67: Declination
A68: Range Graph Results | B68: CP2 | C68: Max Von Mises Stress | D68: CP3 | E68: Range Graph | F68: Pipe | I68: Max von Mises Stress
E69: Load Case017.sim
A70: Range Graph Results | B70: CS1 | C70: =E69 -> Load Case017.sim
A71: Range Graph Results | B71: CS2 | C71: Pipe Declination | D71: CS3 | E71: Range Graph | F71: Pipe | I71: Declination
A72: Range Graph Results | B72: CV2 | C72: Max Von Mises Stress | D72: CV3 | E72: Range Graph | F72: Pipe | I72: Max von Mises Stress
E73: Load Case018.sim
A74: Range Graph Results | B74: CY1 | C74: =E73 -> Load Case018.sim
A75: Range Graph Results | B75: CY2 | C75: Pipe Declination | D75: CY3 | E75: Range Graph | F75: Pipe | I75: Declination
A76: Range Graph Results | B76: DB2 | C76: Max Von Mises Stress | D76: DB3 | E76: Range Graph | F76: Pipe | I76: Max von Mises Stress
G77: End of Duplicated Instructions
A78: Range Graph Results | B78: DE1 | C78: =E77 -> 0
A79: Range Graph Results | B79: DE2 | C79: Pipe Declination | D79: DE3 | E79: Range Graph | F79: Pipe | I79: Declination
A80: Range Graph Results | B80: DH2 | C80: Max Von Mises Stress | D80: DH3 | E80: Range Graph | F80: Pipe | I80: Max von Mises Stress
E81: Load Case020.sim
A82: Range Graph Results | B82: DK1 | C82: =E81 -> Load Case020.sim
A83: Range Graph Results | B83: DK2 | C83: Pipe Declination | D83: DK3 | E83: Range Graph | F83: Pipe | I83: Declination
A84: Range Graph Results | B84: DN2 | C84: Max Von Mises Stress | D84: DN3 | E84: Range Graph | F84: Pipe | I84: Max von Mises Stress
G85: End of Duplicated Instructions
A86: Range Graph Results NEW | B86: CS1 | C86: =E84 -> Range Graph
A87: Range Graph Results NEW | B87: CS2 | C87: Pipe Declination | D87: CS3 | E87: Range Graph | F87: Pipe | I87: Declination
A88: Range Graph Results NEW | B88: CV2 | C88: Max Von Mises Stress | D88: CV3 | E88: Range Graph | F88: Pipe | I88: Max von Mises Stress
E89: Load Case018.sim
A90: Range Graph Results NEW | E90: Duplicate Sheet | G90: RG Template Sheet
A91: Range Graph Results NEW | B91: CY1 | C91: =E89 -> Load Case018.sim
A92: Range Graph Results NEW | B92: CY2 | C92: Pipe Declination | D92: CY3 | E92: Range Graph | F92: Pipe | I92: Declination
A93: Range Graph Results NEW | B93: DB2 | C93: Max Von Mises Stress | D93: DB3 | E93: Range Graph | F93: Pipe | I93: Max von Mises Stress

Sheet Final Results
B2: OrcaFlex Pipelay Table (OrcaFlex Spreadsheet)
B4: Basecase Data | E4: Comments: This results sheet is intended to replicate a typical OrcaLay results sheet as a way of demonstrating that OrcaFlex can be used as a viable alternative. It is an example of the type of data that can be automatically presented through the OrcaFlex spreadsheet. Basecase data is retrieved automatically from the OrcaFlex results, with only minimal input required on this sheet (user input required in the yellow cells only). Cells and rows are highlighted automatically to identify pass/fail. Cells highlighted in red are those that do not meet the necessary acceptance criteria. Rows highlighted in green represent the 'acceptable' cases that remain within all acceptance criteria. If the reaction force for all supports in a load case is zero, this infers that the line is completely in sagbend, and this will consequently place "N/A" in the corresponding overbend cell. User needs will of course vary, and this sheet is only intended as an example.
B5: Vessel: | C5: ='General Results'!B18 -> Vessel1
B6: Pipe: | C6: ='General Results'!B19 -> 8" x 14mm Type
B7: Ramp Angle (deg): | C7: ='General Results'!B20-90 -> 50
B8: Water Depth (m): | C8: ='General Results'!B21 -> 120
B9: Seabed Slope: | C9: ='General Results'!B22 -> 0
B10: Current Speed (surface): | C10: ='General Results'!B23*'General Results'!B24 -> 0
B11: Current Speed (seabed): | C11: ='General Results'!B23*'General Results'!B25 -> 0
B12: Current Direction (deg): | C12: ='General Results'!B26 -> 180
B13: Code Check: | C13: API RP 1111
B15: Acceptance Criteria
B16: Max Tension (kN): | C16: 250
B17: Min Tension (kN): | C17: 0
B18: Max Bollard Pull (kN): | C18: 500
B19: Uncontrolled Stress Limit (kPa, 72% of yield) | C19: ='General Results'!B27*0.72/1000 -> 257.76
B20: Controlled Stress Limit (kPa, 96% of yield) | C20: ='General Results'!B27*0.96/1000 -> 343.68
B23: Load Case | C23: Anchor X Position | D23: Support Reaction Force | I23: Max Support Lift Out | J23: Tension | L23: Minimum Tension | M23: Top Bend Moment | N23: Suspended Length | O23: Horizontal Projection | P23: Projection Growth | Q23: Maximum Stress | S23: Departure Angle | T23: Constraint Clearance | U23: Code Check | V23: Bollard Pull
D24: 1 | E24: 2 | F24: 3 | G24: 4 | H24: 5 | J24: Top | K24: Bottom | Q24: Overbend | R24: Sagbend
C25: m | D25: kN | E25: kN | F25: kN | G25: kN | H25: kN | I25: m | J25: kN | K25: kN | L25: kN | M25: kN.m | N25: m | O25: m | P25: m | Q25: kPa | R25: kPa | S25: deg | T25: m | V25: kN
A26: 1 | B26: =OFFSET('General Results'!$A$1,0,1+($A26-1)*2) -> Case001.sim | C26: =OFFSET('General Results'!$A$1,1,1+($A26-1)*2) -> -363 | D26: =OFFSET('General Results'!$A$1,2,1+($A26-1)*2) -> 0 | E26: =OFFSET('General Results'!$A$1,3,1+($A26-1)*2) -> 0 | F26: =OFFSET('General Results'!$A$1,4,1+($A26-1)*2) -> 0 | G26: =OFFSET('General Results'!$A$1,5,1+($A26-1)*2) -> 0 | H26: =OFFSET('General Results'!$A$1,6,1+($A26-1)*2) -> 41.556872 | I26: =OFFSET('General Results'!$A$1,7,1+($A26-1)*2) -> 0.51063645 | J26: =OFFSET('General Results'!$A$1,8,1+($A26-1)*2) -> 154.03787 | K26: =OFFSET('General Results'!$A$1,9,1+($A26-1)*2) -> 62.742976 | L26: =OFFSET('General Results'!B$29,,(A26-1)*2) -> 54.346949 | M26: =OFFSET('General Results'!$A$1,10,1+($A26-1)*2) -> 0.6588452 | N26: =OFFSET('General Results'!$A$1,11,1+($A26-1)*2) -> 234 | O26: =ABS(OFFSET('General Results'!$A$1,12,1+($A26-1)*2))-ABS(OFFSET('General Results'!$A$1,13,1+($A26-1)*2)) -> 173.47738 | P26: =N26-O26 -> 60.522623 | Q26: {=IF(SUM($D26:$H26)>0,(MAX(IF((OFFSET('Range Graph Results'!C$4:C$385,,($A26-1)*6)>=0),OFFSET('Range Graph Results'!E$4:E$385,,($A26-1)*6))))/1000,"N/A")} -> 360.66199 | R26: {=(MAX(IF((OFFSET('Range Graph Results'!C$4:C$385,,($A26-1)*6)<0),OFFSET('Range Graph Results'!E$4:E$385,,($A26-1)*6))))/1000} -> 182.90159 | S26: =(OFFSET('General Results'!$A$1,14,1+($A26-1)*2))-90 -> 55.22937 | T26: =OFFSET('General Results'!$A$1,15,1+($A26-1)*2) -> 1.6506071 | U26: =IF(OFFSET('General Results'!B$28,,($A26-1)*2)<1,"PASS","FAIL") -> PASS | V26: =ABS(OFFSET('General Results'!$A$1,16,1+($A26-1)*2)) -> 96.203827
A27: 2 | B27: =OFFSET('General Results'!$A$1,0,1+($A27-1)*2) -> Case002.sim | C27: =OFFSET('General Results'!$A$1,1,1+($A27-1)*2) -> -364 | D27: =OFFSET('General Results'!$A$1,2,1+($A27-1)*2) -> 0 | E27: =OFFSET('General Results'!$A$1,3,1+($A27-1)*2) -> 0 | F27: =OFFSET('General Results'!$A$1,4,1+($A27-1)*2) -> 0 | G27: =OFFSET('General Results'!$A$1,5,1+($A27-1)*2) -> 0 | H27: =OFFSET('General Results'!$A$1,6,1+($A27-1)*2) -> 39.702376 | I27: =OFFSET('General Results'!$A$1,7,1+($A27-1)*2) -> 0.49523783 | J27: =OFFSET('General Results'!$A$1,8,1+($A27-1)*2) -> 157.56666 | K27: =OFFSET('General Results'!$A$1,9,1+($A27-1)*2) -> 66.280059 | L27: =OFFSET('General Results'!B$29,,(A27-1)*2) -> 57.735303 | M27: =OFFSET('General Results'!$A$1,10,1+($A27-1)*2) -> 3.5263795 | N27: =OFFSET('General Results'!$A$1,11,1+($A27-1)*2) -> 238 | O27: =ABS(OFFSET('General Results'!$A$1,12,1+($A27-1)*2))-ABS(OFFSET('General Results'!$A$1,13,1+($A27-1)*2)) -> 178.47713 | P27: =N27-O27 -> 59.522866 | Q27: {=IF(SUM($D27:$H27)>0,(MAX(IF((OFFSET('Range Graph Results'!C$4:C$385,,($A27-1)*6)>=0),OFFSET('Range Graph Results'!E$4:E$385,,($A27-1)*6))))/1000,"N/A")} -> 338.22433 | R27: {=(MAX(IF((OFFSET('Range Graph Results'!C$4:C$385,,($A27-1)*6)<0),OFFSET('Range Graph Results'!E$4:E$385,,($A27-1)*6))))/1000} -> 175.5993 | S27: =(OFFSET('General Results'!$A$1,14,1+($A27-1)*2))-90 -> 54.804227 | T27: =OFFSET('General Results'!$A$1,15,1+($A27-1)*2) -> 1.6668381 | U27: =IF(OFFSET('General Results'!B$28,,($A27-1)*2)<1,"PASS","FAIL") -> PASS | V27: =ABS(OFFSET('General Results'!$A$1,16,1+($A27-1)*2)) -> 98.115447
A28: 3 | B28: =OFFSET('General Results'!$A$1,0,1+($A28-1)*2) -> Case003.sim | C28: =OFFSET('General Results'!$A$1,1,1+($A28-1)*2) -> -365 | D28: =OFFSET('General Results'!$A$1,2,1+($A28-1)*2) -> 0 | E28: =OFFSET('General Results'!$A$1,3,1+($A28-1)*2) -> 0 | F28: =OFFSET('General Results'!$A$1,4,1+($A28-1)*2) -> 0 | G28: =OFFSET('General Results'!$A$1,5,1+($A28-1)*2) -> 0 | H28: =OFFSET('General Results'!$A$1,6,1+($A28-1)*2) -> 37.725758 | I28: =OFFSET('General Results'!$A$1,7,1+($A28-1)*2) -> 0.47954527 | J28: =OFFSET('General Results'!$A$1,8,1+($A28-1)*2) -> 161.31206 | K28: =OFFSET('General Results'!$A$1,9,1+($A28-1)*2) -> 70.028859 | L28: =OFFSET('General Results'!B$29,,(A28-1)*2) -> 61.400542 | M28: =OFFSET('General Results'!$A$1,10,1+($A28-1)*2) -> 6.4455689 | N28: =OFFSET('General Results'!$A$1,11,1+($A28-1)*2) -> 241 | O28: =ABS(OFFSET('General Results'!$A$1,12,1+($A28-1)*2))-ABS(OFFSET('General Results'!$A$1,13,1+($A28-1)*2)) -> 182.47694 | P28: =N28-O28 -> 58.523057 | Q28: {=IF(SUM($D28:$H28)>0,(MAX(IF((OFFSET('Range Graph Results'!C$4:C$385,,($A28-1)*6)>=0),OFFSET('Range Graph Results'!E$4:E$385,,($A28-1)*6))))/1000,"N/A")} -> 315.03319 | R28: {=(MAX(IF((OFFSET('Range Graph Results'!C$4:C$385,,($A28-1)*6)<0),OFFSET('Range Graph Results'!E$4:E$385,,($A28-1)*6))))/1000} -> 168.51094 | S28: =(OFFSET('General Results'!$A$1,14,1+($A28-1)*2))-90 -> 54.367758 | T28: =OFFSET('General Results'!$A$1,15,1+($A28-1)*2) -> 1.6833345 | U28: =IF(OFFSET('General Results'!B$28,,($A28-1)*2)<1,"PASS","FAIL") -> PASS | V28: =ABS(OFFSET('General Results'!$A$1,16,1+($A28-1)*2)) -> 100.15533
A29: 4 | B29: =OFFSET('General Results'!$A$1,0,1+($A29-1)*2) -> Case004.sim | C29: =OFFSET('General Results'!$A$1,1,1+($A29-1)*2) -> -366 | D29: =OFFSET('General Results'!$A$1,2,1+($A29-1)*2) -> 1.1306148 | E29: =OFFSET('General Results'!$A$1,3,1+($A29-1)*2) -> 0 | F29: =OFFSET('General Results'!$A$1,4,1+($A29-1)*2) -> 0 | G29: =OFFSET('General Results'!$A$1,5,1+($A29-1)*2) -> 0 | H29: =OFFSET('General Results'!$A$1,6,1+($A29-1)*2) -> 35.511886 | I29: =OFFSET('General Results'!$A$1,7,1+($A29-1)*2) -> 0.46515911 | J29: =OFFSET('General Results'!$A$1,8,1+($A29-1)*2) -> 165.29867 | K29: =OFFSET('General Results'!$A$1,9,1+($A29-1)*2) -> 74.020096 | L29: =OFFSET('General Results'!B$29,,(A29-1)*2) -> 65.313411 | M29: =OFFSET('General Results'!$A$1,10,1+($A29-1)*2) -> 6.0817249 | N29: =OFFSET('General Results'!$A$1,11,1+($A29-1)*2) -> 245 | O29: =ABS(OFFSET('General Results'!$A$1,12,1+($A29-1)*2))-ABS(OFFSET('General Results'!$A$1,13,1+($A29-1)*2)) -> 187.47672 | P29: =N29-O29 -> 57.523279 | Q29: {=IF(SUM($D29:$H29)>0,(MAX(IF((OFFSET('Range Graph Results'!C$4:C$385,,($A29-1)*6)>=0),OFFSET('Range Graph Results'!E$4:E$385,,($A29-1)*6))))/1000,"N/A")} -> 290.31171 | R29: {=(MAX(IF((OFFSET('Range Graph Results'!C$4:C$385,,($A29-1)*6)<0),OFFSET('Range Graph Results'!E$4:E$385,,($A29-1)*6))))/1000} -> 161.64613 | S29: =(OFFSET('General Results'!$A$1,14,1+($A29-1)*2))-90 -> 53.930386 | T29: =OFFSET('General Results'!$A$1,15,1+($A29-1)*2) -> 1.6968605 | U29: =IF(OFFSET('General Results'!B$28,,($A29-1)*2)<1,"PASS","FAIL") -> PASS | V29: =ABS(OFFSET('General Results'!$A$1,16,1+($A29-1)*2)) -> 103.12643
A30: 5 | B30: =OFFSET('General Results'!$A$1,0,1+($A30-1)*2) -> Case005.sim | C30: =OFFSET('General Results'!$A$1,1,1+($A30-1)*2) -> -367 | D30: =OFFSET('General Results'!$A$1,2,1+($A30-1)*2) -> 2.5834275 | E30: =OFFSET('General Results'!$A$1,3,1+($A30-1)*2) -> 0 | F30: =OFFSET('General Results'!$A$1,4,1+($A30-1)*2) -> 0 | G30: =OFFSET('General Results'!$A$1,5,1+($A30-1)*2) -> 0 | H30: =OFFSET('General Results'!$A$1,6,1+($A30-1)*2) -> 33.122942 | I30: =OFFSET('General Results'!$A$1,7,1+($A30-1)*2) -> 0.45089761 | J30: =OFFSET('General Results'!$A$1,8,1+($A30-1)*2) -> 169.54466 | K30: =OFFSET('General Results'!$A$1,9,1+($A30-1)*2) -> 78.267307 | L30: =OFFSET('General Results'!B$29,,(A30-1)*2) -> 69.521471 | M30: =OFFSET('General Results'!$A$1,10,1+($A30-1)*2) -> 4.8443952 | N30: =OFFSET('General Results'!$A$1,11,1+($A30-1)*2) -> 249 | O30: =ABS(OFFSET('General Results'!$A$1,12,1+($A30-1)*2))-ABS(OFFSET('General Results'!$A$1,13,1+($A30-1)*2)) -> 192.47651 | P30: =N30-O30 -> 56.52349 | Q30: {=IF(SUM($D30:$H30)>0,(MAX(IF((OFFSET('Range Graph Results'!C$4:C$385,,($A30-1)*6)>=0),OFFSET('Range Graph Results'!E$4:E$385,,($A30-1)*6))))/1000,"N/A")} -> 264.62195 | R30: {=(MAX(IF((OFFSET('Range Graph Results'!C$4:C$385,,($A30-1)*6)<0),OFFSET('Range Graph Results'!E$4:E$385,,($A30-1)*6))))/1000} -> 154.99957 | S30: =(OFFSET('General Results'!$A$1,14,1+($A30-1)*2))-90 -> 53.483572 | T30: =OFFSET('General Results'!$A$1,15,1+($A30-1)*2) -> 1.7097838 | U30: =IF(OFFSET('General Results'!B$28,,($A30-1)*2)<1,"PASS","FAIL") -> PASS | V30: =ABS(OFFSET('General Results'!$A$1,16,1+($A30-1)*2)) -> 106.47579
A31: 6 | B31: =OFFSET('General Results'!$A$1,0,1+($A31-1)*2) -> Case006.sim | C31: =OFFSET('General Results'!$A$1,1,1+($A31-1)*2) -> -368 | D31: =OFFSET('General Results'!$A$1,2,1+($A31-1)*2) -> 4.0710016 | E31: =OFFSET('General Results'!$A$1,3,1+($A31-1)*2) -> 0 | F31: =OFFSET('General Results'!$A$1,4,1+($A31-1)*2) -> 0 | G31: =OFFSET('General Results'!$A$1,5,1+($A31-1)*2) -> 0 | H31: =OFFSET('General Results'!$A$1,6,1+($A31-1)*2) -> 30.571048 | I31: =OFFSET('General Results'!$A$1,7,1+($A31-1)*2) -> 0.43634559 | J31: =OFFSET('General Results'!$A$1,8,1+($A31-1)*2) -> 174.0665 | K31: =OFFSET('General Results'!$A$1,9,1+($A31-1)*2) -> 82.789787 | L31: =OFFSET('General Results'!B$29,,(A31-1)*2) -> 74.044459 | M31: =OFFSET('General Results'!$A$1,10,1+($A31-1)*2) -> 3.5872446 | N31: =OFFSET('General Results'!$A$1,11,1+($A31-1)*2) -> 253 | O31: =ABS(OFFSET('General Results'!$A$1,12,1+($A31-1)*2))-ABS(OFFSET('General Results'!$A$1,13,1+($A31-1)*2)) -> 197.47631 | P31: =N31-O31 -> 55.523693 | Q31: {=IF(SUM($D31:$H31)>0,(MAX(IF((OFFSET('Range Graph Results'!C$4:C$385,,($A31-1)*6)>=0),OFFSET('Range Graph Results'!E$4:E$385,,($A31-1)*6))))/1000,"N/A")} -> 238.01146 | R31: {=(MAX(IF((OFFSET('Range Graph Results'!C$4:C$385,,($A31-1)*6)<0),OFFSET('Range Graph Results'!E$4:E$385,,($A31-1)*6))))/1000} -> 148.59054 | S31: =(OFFSET('General Results'!$A$1,14,1+($A31-1)*2))-90 -> 53.02412 | T31: =OFFSET('General Results'!$A$1,15,1+($A31-1)*2) -> 1.722937 | U31: =IF(OFFSET('General Results'!B$28,,($A31-1)*2)<1,"PASS","FAIL") -> PASS | V31: =ABS(OFFSET('General Results'!$A$1,16,1+($A31-1)*2)) -> 110.01312
A32: 7 | B32: =OFFSET('General Results'!$A$1,0,1+($A32-1)*2) -> Case007.sim | C32: =OFFSET('General Results'!$A$1,1,1+($A32-1)*2) -> -369 | D32: =OFFSET('General Results'!$A$1,2,1+($A32-1)*2) -> 5.5939007 | E32: =OFFSET('General Results'!$A$1,3,1+($A32-1)*2) -> 0 | F32: =OFFSET('General Results'!$A$1,4,1+($A32-1)*2) -> 0 | G32: =OFFSET('General Results'!$A$1,5,1+($A32-1)*2) -> 0 | H32: =OFFSET('General Results'!$A$1,6,1+($A32-1)*2) -> 27.84076 | I32: =OFFSET('General Results'!$A$1,7,1+($A32-1)*2) -> 0.42150259 | J32: =OFFSET('General Results'!$A$1,8,1+($A32-1)*2) -> 178.88846 | K32: =OFFSET('General Results'!$A$1,9,1+($A32-1)*2) -> 87.61225 | L32: =OFFSET('General Results'!B$29,,(A32-1)*2) -> 78.907428 | M32: =OFFSET('General Results'!$A$1,10,1+($A32-1)*2) -> 2.3112733 | N32: =OFFSET('General Results'!$A$1,11,1+($A32-1)*2) -> 257 | O32: =ABS(OFFSET('General Results'!$A$1,12,1+($A32-1)*2))-ABS(OFFSET('General Results'!$A$1,13,1+($A32-1)*2)) -> 202.47611 | P32: =N32-O32 -> 54.523889 | Q32: {=IF(SUM($D32:$H32)>0,(MAX(IF((OFFSET('Range Graph Results'!C$4:C$385,,($A32-1)*6)>=0),OFFSET('Range Graph Results'!E$4:E$385,,($A32-1)*6))))/1000,"N/A")} -> 210.42666 | R32: {=(MAX(IF((OFFSET('Range Graph Results'!C$4:C$385,,($A32-1)*6)<0),OFFSET('Range Graph Results'!E$4:E$385,,($A32-1)*6))))/1000} -> 142.41438 | S32: =(OFFSET('General Results'!$A$1,14,1+($A32-1)*2))-90 -> 52.551558 | T32: =OFFSET('General Results'!$A$1,15,1+($A32-1)*2) -> 1.7363157 | U32: =IF(OFFSET('General Results'!B$28,,($A32-1)*2)<1,"PASS","FAIL") -> PASS | V32: =ABS(OFFSET('General Results'!$A$1,16,1+($A32-1)*2)) -> 113.75362
A33: 8 | B33: =OFFSET('General Results'!$A$1,0,1+($A33-1)*2) -> Case008.sim | C33: =OFFSET('General Results'!$A$1,1,1+($A33-1)*2) -> -370 | D33: =OFFSET('General Results'!$A$1,2,1+($A33-1)*2) -> 5.0513306 | E33: =OFFSET('General Results'!$A$1,3,1+($A33-1)*2) -> 1.5017647 | F33: =OFFSET('General Results'!$A$1,4,1+($A33-1)*2) -> 0 | G33: =OFFSET('General Results'!$A$1,5,1+($A33-1)*2) -> 0 | H33: =OFFSET('General Results'!$A$1,6,1+($A33-1)*2) -> 24.656666 | I33: =OFFSET('General Results'!$A$1,7,1+($A33-1)*2) -> 0.4094251 | J33: =OFFSET('General Results'!$A$1,8,1+($A33-1)*2) -> 184.04902 | K33: =OFFSET('General Results'!$A$1,9,1+($A33-1)*2) -> 92.773627 | L33: =OFFSET('General Results'!B$29,,(A33-1)*2) -> 84.149352 | M33: =OFFSET('General Results'!$A$1,10,1+($A33-1)*2) -> 2.2815441 | N33: =OFFSET('General Results'!$A$1,11,1+($A33-1)*2) -> 261 | O33: =ABS(OFFSET('General Results'!$A$1,12,1+($A33-1)*2))-ABS(OFFSET('General Results'!$A$1,13,1+($A33-1)*2)) -> 207.47593 | P33: =N33-O33 -> 53.524075 | Q33: {=IF(SUM($D33:$H33)>0,(MAX(IF((OFFSET('Range Graph Results'!C$4:C$385,,($A33-1)*6)>=0),OFFSET('Range Graph Results'!E$4:E$385,,($A33-1)*6))))/1000,"N/A")} -> 180.22194 | R33: {=(MAX(IF((OFFSET('Range Graph Results'!C$4:C$385,,($A33-1)*6)<0),OFFSET('Range Graph Results'!E$4:E$385,,($A33-1)*6))))/1000} -> 136.47422 | S33: =(OFFSET('General Results'!$A$1,14,1+($A33-1)*2))-90 -> 52.085838 | T33: =OFFSET('General Results'!$A$1,15,1+($A33-1)*2) -> 1.7443389 | U33: =IF(OFFSET('General Results'!B$28,,($A33-1)*2)<1,"PASS","FAIL") -> PASS | V33: =ABS(OFFSET('General Results'!$A$1,16,1+($A33-1)*2)) -> 117.06863
A34: 9 | B34: =OFFSET('General Results'!$A$1,0,1+($A34-1)*2) -> Case009.sim | C34: =OFFSET('General Results'!$A$1,1,1+($A34-1)*2) -> -371 | D34: =OFFSET('General Results'!$A$1,2,1+($A34-1)*2) -> 4.0372578 | E34: =OFFSET('General Results'!$A$1,3,1+($A34-1)*2) -> 3.3775933 | F34: =OFFSET('General Results'!$A$1,4,1+($A34-1)*2) -> 0 | G34: =OFFSET('General Results'!$A$1,5,1+($A34-1)*2) -> 0 | H34: =OFFSET('General Results'!$A$1,6,1+($A34-1)*2) -> 21.190796 | I34: =OFFSET('General Results'!$A$1,7,1+($A34-1)*2) -> 0.39773813 | J34: =OFFSET('General Results'!$A$1,8,1+($A34-1)*2) -> 189.57029 | K34: =OFFSET('General Results'!$A$1,9,1+($A34-1)*2) -> 98.296838 | L34: =OFFSET('General Results'!B$29,,(A34-1)*2) -> 89.813236 | M34: =OFFSET('General Results'!$A$1,10,1+($A34-1)*2) -> 2.5282145 | N34: =OFFSET('General Results'!$A$1,11,1+($A34-1)*2) -> 266 | O34: =ABS(OFFSET('General Results'!$A$1,12,1+($A34-1)*2))-ABS(OFFSET('General Results'!$A$1,13,1+($A34-1)*2)) -> 213.47574 | P34: =N34-O34 -> 52.52426 | Q34: {=IF(SUM($D34:$H34)>0,(MAX(IF((OFFSET('Range Graph Results'!C$4:C$385,,($A34-1)*6)>=0),OFFSET('Range Graph Results'!E$4:E$385,,($A34-1)*6))))/1000,"N/A")} -> 148.52579 | R34: {=(MAX(IF((OFFSET('Range Graph Results'!C$4:C$385,,($A34-1)*6)<0),OFFSET('Range Graph Results'!E$4:E$385,,($A34-1)*6))))/1000} -> 130.77106 | S34: =(OFFSET('General Results'!$A$1,14,1+($A34-1)*2))-90 -> 51.610152 | T34: =OFFSET('General Results'!$A$1,15,1+($A34-1)*2) -> 1.7513043 | U34: =IF(OFFSET('General Results'!B$28,,($A34-1)*2)<1,"PASS","FAIL") -> PASS | V34: =ABS(OFFSET('General Results'!$A$1,16,1+($A34-1)*2)) -> 120.47229
A35: 10 | B35: =OFFSET('General Results'!$A$1,0,1+($A35-1)*2) -> Case010.sim | C35: =OFFSET('General Results'!$A$1,1,1+($A35-1)*2) -> -372 | D35: =OFFSET('General Results'!$A$1,2,1+($A35-1)*2) -> 3.0677935 | E35: =OFFSET('General Results'!$A$1,3,1+($A35-1)*2) -> 5.1487184 | F35: =OFFSET('General Results'!$A$1,4,1+($A35-1)*2) -> 0.14303781 | G35: =OFFSET('General Results'!$A$1,5,1+($A35-1)*2) -> 0 | H35: =OFFSET('General Results'!$A$1,6,1+($A35-1)*2) -> 17.437887 | I35: =OFFSET('General Results'!$A$1,7,1+($A35-1)*2) -> 0.38606893 | J35: =OFFSET('General Results'!$A$1,8,1+($A35-1)*2) -> 195.48686 | K35: =OFFSET('General Results'!$A$1,9,1+($A35-1)*2) -> 104.21496 | L35: =OFFSET('General Results'!B$29,,(A35-1)*2) -> 95.927502 | M35: =OFFSET('General Results'!$A$1,10,1+($A35-1)*2) -> 2.7635686 | N35: =OFFSET('General Results'!$A$1,11,1+($A35-1)*2) -> 271 | O35: =ABS(OFFSET('General Results'!$A$1,12,1+($A35-1)*2))-ABS(OFFSET('General Results'!$A$1,13,1+($A35-1)*2)) -> 219.47557 | P35: =N35-O35 -> 51.524426 | Q35: {=IF(SUM($D35:$H35)>0,(MAX(IF((OFFSET('Range Graph Results'!C$4:C$385,,($A35-1)*6)>=0),OFFSET('Range Graph Results'!E$4:E$385,,($A35-1)*6))))/1000,"N/A")} -> 115.4366 | R35: {=(MAX(IF((OFFSET('Range Graph Results'!C$4:C$385,,($A35-1)*6)<0),OFFSET('Range Graph Results'!E$4:E$385,,($A35-1)*6))))/1000} -> 125.31972 | S35: =(OFFSET('General Results'!$A$1,14,1+($A35-1)*2))-90 -> 51.121441 | T35: =OFFSET('General Results'!$A$1,15,1+($A35-1)*2) -> 1.7580566 | U35: =IF(OFFSET('General Results'!B$28,,($A35-1)*2)<1,"PASS","FAIL") -> PASS | V35: =ABS(OFFSET('General Results'!$A$1,16,1+($A35-1)*2)) -> 124.13647
A36: 11 | B36: =OFFSET('General Results'!$A$1,0,1+($A36-1)*2) -> Case011.sim | C36: =OFFSET('General Results'!$A$1,1,1+($A36-1)*2) -> -373 | D36: =OFFSET('General Results'!$A$1,2,1+($A36-1)*2) -> 3.2688897 | E36: =OFFSET('General Results'!$A$1,3,1+($A36-1)*2) -> 4.0381661 | F36: =OFFSET('General Results'!$A$1,4,1+($A36-1)*2) -> 2.929021 | G36: =OFFSET('General Results'!$A$1,5,1+($A36-1)*2) -> 0 | H36: =OFFSET('General Results'!$A$1,6,1+($A36-1)*2) -> 12.715838 | I36: =OFFSET('General Results'!$A$1,7,1+($A36-1)*2) -> 0.37950917 | J36: =OFFSET('General Results'!$A$1,8,1+($A36-1)*2) -> 201.85277 | K36: =OFFSET('General Results'!$A$1,9,1+($A36-1)*2) -> 110.5832 | L36: =OFFSET('General Results'!B$29,,(A36-1)*2) -> 102.54748 | M36: =OFFSET('General Results'!$A$1,10,1+($A36-1)*2) -> 2.7281805 | N36: =OFFSET('General Results'!$A$1,11,1+($A36-1)*2) -> 276 | O36: =ABS(OFFSET('General Results'!$A$1,12,1+($A36-1)*2))-ABS(OFFSET('General Results'!$A$1,13,1+($A36-1)*2)) -> 225.47543 | P36: =N36-O36 -> 50.524574 | Q36: {=IF(SUM($D36:$H36)>0,(MAX(IF((OFFSET('Range Graph Results'!C$4:C$385,,($A36-1)*6)>=0),OFFSET('Range Graph Results'!E$4:E$385,,($A36-1)*6))))/1000,"N/A")} -> 77.95335 | R36: {=(MAX(IF((OFFSET('Range Graph Results'!C$4:C$385,,($A36-1)*6)<0),OFFSET('Range Graph Results'!E$4:E$385,,($A36-1)*6))))/1000} -> 120.10401 | S36: =(OFFSET('General Results'!$A$1,14,1+($A36-1)*2))-90 -> 50.655149 | T36: =OFFSET('General Results'!$A$1,15,1+($A36-1)*2) -> 1.7583389 | U36: =IF(OFFSET('General Results'!B$28,,($A36-1)*2)<1,"PASS","FAIL") -> PASS | V36: =ABS(OFFSET('General Results'!$A$1,16,1+($A36-1)*2)) -> 128.24962
A37: 12 | B37: =OFFSET('General Results'!$A$1,0,1+($A37-1)*2) -> Case012.sim | C37: =OFFSET('General Results'!$A$1,1,1+($A37-1)*2) -> -374 | D37: =OFFSET('General Results'!$A$1,2,1+($A37-1)*2) -> 3.3493424 | E37: =OFFSET('General Results'!$A$1,3,1+($A37-1)*2) -> 3.6199766 | F37: =OFFSET('General Results'!$A$1,4,1+($A37-1)*2) -> 3.6786701 | G37: =OFFSET('General Results'!$A$1,5,1+($A37-1)*2) -> 2.733623 | H37: =OFFSET('General Results'!$A$1,6,1+($A37-1)*2) -> 6.4328379 | I37: =OFFSET('General Results'!$A$1,7,1+($A37-1)*2) -> 0.37632597 | J37: =OFFSET('General Results'!$A$1,8,1+($A37-1)*2) -> 208.71427 | K37: =OFFSET('General Results'!$A$1,9,1+($A37-1)*2) -> 117.44787 | L37: =OFFSET('General Results'!B$29,,(A37-1)*2) -> 109.74542 | M37: =OFFSET('General Results'!$A$1,10,1+($A37-1)*2) -> 2.7151919 | N37: =OFFSET('General Results'!$A$1,11,1+($A37-1)*2) -> 281 | O37: =ABS(OFFSET('General Results'!$A$1,12,1+($A37-1)*2))-ABS(OFFSET('General Results'!$A$1,13,1+($A37-1)*2)) -> 231.4753 | P37: =N37-O37 -> 49.524705 | Q37: {=IF(SUM($D37:$H37)>0,(MAX(IF((OFFSET('Range Graph Results'!C$4:C$385,,($A37-1)*6)>=0),OFFSET('Range Graph Results'!E$4:E$385,,($A37-1)*6))))/1000,"N/A")} -> 36.160856 | R37: {=(MAX(IF((OFFSET('Range Graph Results'!C$4:C$385,,($A37-1)*6)<0),OFFSET('Range Graph Results'!E$4:E$385,,($A37-1)*6))))/1000} -> 115.13584 | S37: =(OFFSET('General Results'!$A$1,14,1+($A37-1)*2))-90 -> 50.20752 | T37: =OFFSET('General Results'!$A$1,15,1+($A37-1)*2) -> 1.7584148 | U37: =IF(OFFSET('General Results'!B$28,,($A37-1)*2)<1,"PASS","FAIL") -> PASS | V37: =ABS(OFFSET('General Results'!$A$1,16,1+($A37-1)*2)) -> 132.66733
... A43: 18 | B43: =OFFSET('General Results'!$A$1,0,1+($A43-1)*2) -> Case018.sim | C43: =OFFSET('General Results'!$A$1,1,1+($A43-1)*2) -> -380 | D43: =OFFSET('General Results'!$A$1,2,1+($A43-1)*2) -> 0 | E43: =OFFSET('General Results'!$A$1,3,1+($A43-1)*2) -> 0 | F43: =OFFSET('General Results'!$A$1,4,1+($A43-1)*2) -> 0 | G43: =OFFSET('General Results'!$A$1,5,1+($A43-1)*2) -> 0 | H43: =OFFSET('General Results'!$A$1,6,1+($A43-1)*2) -> 0 | I43: =OFFSET('General Results'!$A$1,7,1+($A43-1)*2) -> 1.3336976 | J43: =OFFSET('General Results'!$A$1,8,1+($A43-1)*2) -> 256.49743 | K43: =OFFSET('General Results'!$A$1,9,1+($A43-1)*2) -> 165.28192 | L43: =OFFSET('General Results'!B$29,,(A43-1)*2) -> 160.84384 | M43: =OFFSET('General Results'!$A$1,10,1+($A43-1)*2) -> 25.047463 | N43: =OFFSET('General Results'!$A$1,11,1+($A43-1)*2) -> 318 | O43: =ABS(OFFSET('General Results'!$A$1,12,1+($A43-1)*2))-ABS(OFFSET('General Results'!$A$1,13,1+($A43-1)*2)) -> 274.47553 | P43: =N43-O43 -> 43.52447 | Q43: {=IF(SUM($D43:$H43)>0,(MAX(IF((OFFSET('Range Graph Results'!C$4:C$385,,($A43-1)*6)>=0),OFFSET('Range Graph Results'!E$4:E$385,,($A43-1)*6))))/1000,"N/A")} -> N/A | R43: {=(MAX(IF((OFFSET('Range Graph Results'!C$4:C$385,,($A43-1)*6)<0),OFFSET('Range Graph Results'!E$4:E$385,,($A43-1)*6))))/1000} -> 98.604388 | S43: =(OFFSET('General Results'!$A$1,14,1+($A43-1)*2))-90 -> 45.453564 | T43: =OFFSET('General Results'!$A$1,15,1+($A43-1)*2) -> 1.4053527 | U43: =IF(OFFSET('General Results'!B$28,,($A43-1)*2)<1,"PASS","FAIL") -> PASS | V43: =ABS(OFFSET('General Results'!$A$1,16,1+($A43-1)*2)) -> 165.29074

Sheet General Results
B1: Case001.sim | D1: Case002.sim | F1: Case003.sim | H1: Case004.sim | J1: Case005.sim | L1: Case006.sim | N1: Case007.sim | P1: Case008.sim | R1: Case009.sim | T1: Case010.sim | V1: Case011.sim | X1: Case012.sim | Z1: Case013.sim | AB1: Case014.sim | AD1: Case015.sim | AF1: Case016.sim | AH1: Case017.sim | AJ1: Case018.sim
A2: Pipe Bottom End Position | B2: -363 | C2: Pipe Bottom End Position | D2: -364 | E2: Pipe Bottom End Position | F2: -365 | G2: Pipe Bottom End Position | H2: -366 | I2: Pipe Bottom End Position | J2: -367 | K2: Pipe Bottom End Position | L2: -368 | M2: Pipe Bottom End Position | N2: -369 | O2: Pipe Bottom End Position | P2: -370 | Q2: Pipe Bottom End Position | R2: -371 | S2: Pipe Bottom End Position | T2: -372 | U2: Pipe Bottom End Position | V2: -373 | W2: Pipe Bottom End Position | X2: -374 | Y2: Pipe Bottom End Position | Z2: -375 | AA2: Pipe Bottom End Position | AB2: -376 | AC2: Pipe Bottom End Position | AD2: -377 | AE2: Pipe Bottom End Position | AF2: -378 | AG2: Pipe Bottom End Position | AH2: -379 | AI2: Pipe Bottom End Position | AJ2: -380
A3: Support 1 Reaction Force | B3: 0 | C3: Support 1 Reaction Force | D3: 0 | E3: Support 1 Reaction Force | F3: 0 | G3: Support 1 Reaction Force | H3: 1.1306148 | I3: Support 1 Reaction Force | J3: 2.5834275 | K3: Support 1 Reaction Force | L3: 4.0710016 | M3: Support 1 Reaction Force | N3: 5.5939007 | O3: Support 1 Reaction Force | P3: 5.0513306 | Q3: Support 1 Reaction Force | R3: 4.0372578 | S3: Support 1 Reaction Force | T3: 3.0677935 | U3: Support 1 Reaction Force | V3: 3.2688897 | W3: Support 1 Reaction Force | X3: 3.3493424 | Y3: Support 1 Reaction Force | Z3: 3.3577157 | AA3: Support 1 Reaction Force | AB3: 3.2330708 | AC3: Support 1 Reaction Force | AD3: 4.0968014 | AE3: Support 1 Reaction Force | AF3: 4.6228401 | AG3: Support 1 Reaction Force | AH3: 0 | AI3: Support 1 Reaction Force | AJ3: 0
A4: Support 2 Reaction Force | B4: 0 | C4: Support 2 Reaction Force | D4: 0 | E4: Support 2 Reaction Force | F4: 0 | G4: Support 2 Reaction Force | H4: 0 | I4: Support 2 Reaction Force | J4: 0 | K4: Support 2 Reaction Force | L4: 0 | M4: Support 2 Reaction Force | N4: 0 | O4: Support 2 Reaction Force | P4: 1.5017647 | Q4: Support 2 Reaction Force | R4: 3.3775933 | S4: Support 2 Reaction Force | T4: 5.1487184 | U4: Support 2 Reaction Force | V4: 4.0381661 | W4: Support 2 Reaction Force | X4: 3.6199766 | Y4: Support 2 Reaction Force | Z4: 3.5957954 | AA4: Support 2 Reaction Force | AB4: 4.161221 | AC4: Support 2 Reaction Force | AD4: 5.2993336 | AE4: Support 2 Reaction Force | AF4: 0 | AG4: Support 2 Reaction Force | AH4: 0 | AI4: Support 2 Reaction Force | AJ4: 0
A5: Support 3 Reaction Force | B5: 0 | C5: Support 3 Reaction Force | D5: 0 | E5: Support 3 Reaction Force | F5: 0 | G5: Support 3 Reaction Force | H5: 0 | I5: Support 3 Reaction Force | J5: 0 | K5: Support 3 Reaction Force | L5: 0 | M5: Support 3 Reaction Force | N5: 0 | O5: Support 3 Reaction Force | P5: 0 | Q5: Support 3 Reaction Force | R5: 0 | S5: Support 3 Reaction Force | T5: 0.14303781 | U5: Support 3 Reaction Force | V5: 2.929021 | W5: Support 3 Reaction Force | X5: 3.6786701 | Y5: Support 3 Reaction Force | Z5: 3.6916618 | AA5: Support 3 Reaction Force | AB5: 5.4563515 | AC5: Support 3 Reaction Force | AD5: 0 | AE5: Support 3 Reaction Force | AF5: 0 | AG5: Support 3 Reaction Force | AH5: 0 | AI5: Support 3 Reaction Force | AJ5: 0
A6: Support 4 Reaction Force | B6: 0 | C6: Support 4 Reaction Force | D6: 0 | E6: Support 4 Reaction Force | F6: 0 | G6: Support 4 Reaction Force | H6: 0 | I6: Support 4 Reaction Force | J6: 0 | K6: Support 4 Reaction Force | L6: 0 | M6: Support 4 Reaction Force | N6: 0 | O6: Support 4 Reaction Force | P6: 0 | Q6: Support 4 Reaction Force | R6: 0 | S6: Support 4 Reaction Force | T6: 0 | U6: Support 4 Reaction Force | V6: 0 | W6: Support 4 Reaction Force | X6: 2.733623 | Y6: Support 4 Reaction Force | Z6: 5.7484474 | AA6: Support 4 Reaction Force | AB6: 0 | AC6: Support 4 Reaction Force | AD6: 0 | AE6: Support 4 Reaction Force | AF6: 0 | AG6: Support 4 Reaction Force | AH6: 0 | AI6: Support 4 Reaction Force | AJ6: 0
A7: Support 5 Reaction Force | B7: 41.556872 | C7: Support 5 Reaction Force | D7: 39.702376 | E7: Support 5 Reaction Force | F7: 37.725758 | G7: Support 5 Reaction Force | H7: 35.511886 | I7: Support 5 Reaction Force | J7: 33.122942 | K7: Support 5 Reaction Force | L7: 30.571048 | M7: Support 5 Reaction Force | N7: 27.84076 | O7: Support 5 Reaction Force | P7: 24.656666 | Q7: Support 5 Reaction Force | R7: 21.190796 | S7: Support 5 Reaction Force | T7: 17.437887 | U7: Support 5 Reaction Force | V7: 12.715838 | W7: Support 5 Reaction Force | X7: 6.4328379 | Y7: Support 5 Reaction Force | Z7: 0 | AA7: Support 5 Reaction Force | AB7: 0 | AC7: Support 5 Reaction Force | AD7: 0 | AE7: Support 5 Reaction Force | AF7: 0 | AG7: Support 5 Reaction Force | AH7: 0 | AI7: Support 5 Reaction Force | AJ7: 0
A8: Max Support Lift Out | B8: 0.51063645 | C8: Max Support Lift Out | D8: 0.49523783 | E8: Max Support Lift Out | F8: 0.47954527 | G8: Max Support Lift Out | H8: 0.46515911 | I8: Max Support Lift Out | J8: 0.45089761 | K8: Max Support Lift Out | L8: 0.43634559 | M8: Max Support Lift Out | N8: 0.42150259 | O8: Max Support Lift Out | P8: 0.4094251 | Q8: Max Support Lift Out | R8: 0.39773813 | S8: Max Support Lift Out | T8: 0.38606893 | U8: Max Support Lift Out | V8: 0.37950917 | W8: Max Support Lift Out | X8: 0.37632597 | Y8: Max Support Lift Out | Z8: 0.38274183 | AA8: Max Support Lift Out | AB8: 0.43827443 | AC8: Max Support Lift Out | AD8: 0.56259813 | AE8: Max Support Lift Out | AF8: 0.7604668 | AG8: Max Support Lift Out | AH8: 1.0316352 | AI8: Max Support Lift Out | AJ8: 1.3336976
A9: Top Tension | B9: 154.03787 | C9: Top Tension | D9: 157.56666 | E9: Top Tension | F9: 161.31206 | G9: Top Tension | H9: 165.29867 | I9: Top Tension | J9: 169.54466 | K9: Top Tension | L9: 174.0665 | M9: Top Tension | N9: 178.88846 | O9: Top Tension | P9: 184.04902 | Q9: Top Tension | R9: 189.57029 | S9: Top Tension | T9: 195.48686 | U9: Top Tension | V9: 201.85277 | W9: Top Tension | X9: 208.71427 | Y9: Top Tension | Z9: 216.06518 | AA9: Top Tension | AB9: 223.63533 | AC9: Top Tension | AD9: 231.43759 | AE9: Top Tension | AF9: 239.48389 | AG9: Top Tension | AH9: 247.78343 | AI9: Top Tension | AJ9: 256.49743
A10: Pipe Effective Tension (Touchdown) | B10: 62.742976 | C10: Pipe Effective Tension (Touchdown) | D10: 66.280059 | E10: Pipe Effective Tension (Touchdown) | F10: 70.028859 | G10: Pipe Effective Tension (Touchdown) | H10: 74.020096 | I10: Pipe Effective Tension (Touchdown) | J10: 78.267307 | K10: Pipe Effective Tension (Touchdown) | L10: 82.789787 | M10: Pipe Effective Tension (Touchdown) | N10: 87.61225 | O10: Pipe Effective Tension (Touchdown) | P10: 92.773627 | Q10: Pipe Effective Tension (Touchdown) | R10: 98.296838 | S10: Pipe Effective Tension (Touchdown) | T10: 104.21496 | U10: Pipe Effective Tension (Touchdown) | V10: 110.5832 | W10: Pipe Effective Tension (Touchdown) | X10: 117.44787 | Y10: Pipe Effective Tension (Touchdown) | Z10: 124.80267 | AA10: Pipe Effective Tension (Touchdown) | AB10: 132.37274 | AC10: Pipe Effective Tension (Touchdown) | AD10: 140.17671 | AE10: Pipe Effective Tension (Touchdown) | AF10: 148.22663 | AG10: Pipe Effective Tension (Touchdown) | AH10: 156.52734 | AI10: Pipe Effective Tension (Touchdown) | AJ10: 165.28192
A11: Top Bend Moment | B11: 0.6588452 | C11: Top Bend Moment | D11: 3.5263795 | E11: Top Bend Moment | F11: 6.4455689 | G11: Top Bend Moment | H11: 6.0817249 | I11: Top Bend Moment | J11: 4.8443952 | K11: Top Bend Moment | L11: 3.5872446 | M11: Top Bend Moment | N11: 2.3112733 | O11: Top Bend Moment | P11: 2.2815441 | Q11: Top Bend Moment | R11: 2.5282145 | S11: Top Bend Moment | T11: 2.7635686 | U11: Top Bend Moment | V11: 2.7281805 | W11: Top Bend Moment | X11: 2.7151919 | Y11: Top Bend Moment | Z11: 2.715862 | AA11: Top Bend Moment | AB11: 2.7432435 | AC11: Top Bend Moment | AD11: 2.5027104 | AE11: Top Bend Moment | AF11: 4.1895261 | AG11: Top Bend Moment | AH11: 2.3938445 | AI11: Top Bend Moment | AJ11: 25.047463
A12: Suspended Length | B12: 234 | C12: Suspended Length | D12: 238 | E12: Suspended Length | F12: 241 | G12: Suspended Length | H12: 245 | I12: Suspended Length | J12: 249 | K12: Suspended Length | L12: 253 | M12: Suspended Length | N12: 257 | O12: Suspended Length | P12: 261 | Q12: Suspended Length | R12: 266 | S12: Suspended Length | T12: 271 | U12: Suspended Length | V12: 276 | W12: Suspended Length | X12: 281 | Y12: Suspended Length | Z12: 287 | AA12: Suspended Length | AB12: 293 | AC12: Suspended Length | AD12: 299 | AE12: Suspended Length | AF12: 305 | AG12: Suspended Length | AH12: 311 | AI12: Suspended Length | AJ12: 318
A13: Touchdown Position | B13: -216.99672 | C13: Touchdown Position | D13: -221.99648 | E13: Touchdown Position | F13: -225.99629 | G13: Touchdown Position | H13: -230.99607 | I13: Touchdown Position | J13: -235.99585 | K13: Touchdown Position | L13: -240.99565 | M13: Touchdown Position | N13: -245.99546 | O13: Touchdown Position | P13: -250.99527 | Q13: Touchdown Position | R13: -256.99508 | S13: Touchdown Position | T13: -262.99492 | U13: Touchdown Position | V13: -268.99477 | W13: Touchdown Position | X13: -274.99464 | Y13: Touchdown Position | Z13: -281.99455 | AA13: Touchdown Position | AB13: -288.99451 | AC13: Touchdown Position | AD13: -295.99451 | AE13: Touchdown Position | AF13: -302.99456 | AG13: Touchdown Position | AH13: -309.99467 | AI13: Touchdown Position | AJ13: -317.99487
... A17: Pipe End Lx-Force (End A) | B17: -96.203827 | C17: Pipe End Lx-Force (End A) | D17: -98.115447 | E17: Pipe End Lx-Force (End A) | F17: -100.15533 | G17: Pipe End Lx-Force (End A) | H17: -103.12643 | I17: Pipe End Lx-Force (End A) | J17: -106.47579 | K17: Pipe End Lx-Force (End A) | L17: -110.01312 | M17: Pipe End Lx-Force (End A) | N17: -113.75362 | O17: Pipe End Lx-Force (End A) | P17: -117.06863 | Q17: Pipe End Lx-Force (End A) | R17: -120.47229 | S17: Pipe End Lx-Force (End A) | T17: -124.13647 | U17: Pipe End Lx-Force (End A) | V17: -128.24962 | W17: Pipe End Lx-Force (End A) | X17: -132.66733 | Y17: Pipe End Lx-Force (End A) | Z17: -137.39108 | AA17: Pipe End Lx-Force (End A) | AB17: -142.2394 | AC17: Pipe End Lx-Force (End A) | AD17: -147.39099 | AE17: Pipe End Lx-Force (End A) | AF17: -151.7794 | AG17: Pipe End Lx-Force (End A) | AH17: -156.53641 | AI17: Pipe End Lx-Force (End A) | AJ17: -165.29074
A18: Vessel1 Name | B18: Vessel1 | C18: Vessel1 Name | D18: Vessel1 | E18: Vessel1 Name | F18: Vessel1 | G18: Vessel1 Name | H18: Vessel1 | I18: Vessel1 Name | J18: Vessel1 | K18: Vessel1 Name | L18: Vessel1 | M18: Vessel1 Name | N18: Vessel1 | O18: Vessel1 Name | P18: Vessel1 | Q18: Vessel1 Name | R18: Vessel1 | S18: Vessel1 Name | T18: Vessel1 | U18: Vessel1 Name | V18: Vessel1 | W18: Vessel1 Name | X18: Vessel1 | Y18: Vessel1 Name | Z18: Vessel1 | AA18: Vessel1 Name | AB18: Vessel1 | AC18: Vessel1 Name | AD18: Vessel1 | AE18: Vessel1 Name | AF18: Vessel1 | AG18: Vessel1 Name | AH18: Vessel1 | AI18: Vessel1 Name | AJ18: Vessel1
A19: 8" x 14mm Type Name | B19: 8" x 14mm Type | C19: 8" x 14mm Type Name | D19: 8" x 14mm Type | E19: 8" x 14mm Type Name | F19: 8" x 14mm Type | G19: 8" x 14mm Type Name | H19: 8" x 14mm Type | I19: 8" x 14mm Type Name | J19: 8" x 14mm Type | K19: 8" x 14mm Type Name | L19: 8" x 14mm Type | M19: 8" x 14mm Type Name | N19: 8" x 14mm Type | O19: 8" x 14mm Type Name | P19: 8" x 14mm Type | Q19: 8" x 14mm Type Name | R19: 8" x 14mm Type | S19: 8" x 14mm Type Name | T19: 8" x 14mm Type | U19: 8" x 14mm Type Name | V19: 8" x 14mm Type | W19: 8" x 14mm Type Name | X19: 8" x 14mm Type | Y19: 8" x 14mm Type Name | Z19: 8" x 14mm Type | AA19: 8" x 14mm Type Name | AB19: 8" x 14mm Type | AC19: 8" x 14mm Type Name | AD19: 8" x 14mm Type | AE19: 8" x 14mm Type Name | AF19: 8" x 14mm Type | AG19: 8" x 14mm Type Name | AH19: 8" x 14mm Type | AI19: 8" x 14mm Type Name | AJ19: 8" x 14mm Type
A20: Top End Declination | B20: 140 | C20: Top End Declination | D20: 140 | E20: Top End Declination | F20: 140 | G20: Top End Declination | H20: 140 | I20: Top End Declination | J20: 140 | K20: Top End Declination | L20: 140 | M20: Top End Declination | N20: 140 | O20: Top End Declination | P20: 140 | Q20: Top End Declination | R20: 140 | S20: Top End Declination | T20: 140 | U20: Top End Declination | V20: 140 | W20: Top End Declination | X20: 140 | Y20: Top End Declination | Z20: 140 | AA20: Top End Declination | AB20: 140 | AC20: Top End Declination | AD20: 140 | AE20: Top End Declination | AF20: 140 | AG20: Top End Declination | AH20: 140 | AI20: Top End Declination | AJ20: 140
A21: Environment WaterDepth | B21: 120 | C21: Environment WaterDepth | D21: 120 | E21: Environment WaterDepth | F21: 120 | G21: Environment WaterDepth | H21: 120 | I21: Environment WaterDepth | J21: 120 | K21: Environment WaterDepth | L21: 120 | M21: Environment WaterDepth | N21: 120 | O21: Environment WaterDepth | P21: 120 | Q21: Environment WaterDepth | R21: 120 | S21: Environment WaterDepth | T21: 120 | U21: Environment WaterDepth | V21: 120 | W21: Environment WaterDepth | X21: 120 | Y21: Environment WaterDepth | Z21: 120 | AA21: Environment WaterDepth | AB21: 120 | AC21: Environment WaterDepth | AD21: 120 | AE21: Environment WaterDepth | AF21: 120 | AG21: Environment WaterDepth | AH21: 120 | AI21: Environment WaterDepth | AJ21: 120
A22: Environment SeabedSlope | B22: 0 | C22: Environment SeabedSlope | D22: 0 | E22: Environment SeabedSlope | F22: 0 | G22: Environment SeabedSlope | H22: 0 | I22: Environment SeabedSlope | J22: 0 | K22: Environment SeabedSlope | L22: 0 | M22: Environment SeabedSlope | N22: 0 | O22: Environment SeabedSlope | P22: 0 | Q22: Environment SeabedSlope | R22: 0 | S22: Environment SeabedSlope | T22: 0 | U22: Environment SeabedSlope | V22: 0 | W22: Environment SeabedSlope | X22: 0 | Y22: Environment SeabedSlope | Z22: 0 | AA22: Environment SeabedSlope | AB22: 0 | AC22: Environment SeabedSlope | AD22: 0 | AE22: Environment SeabedSlope | AF22: 0 | AG22: Environment SeabedSlope | AH22: 0 | AI22: Environment SeabedSlope | AJ22: 0
A23: Environment RefCurrentSpeed | B23: 0 | C23: Environment RefCurrentSpeed | D23: 0 | E23: Environment RefCurrentSpeed | F23: 0 | G23: Environment RefCurrentSpeed | H23: 0 | I23: Environment RefCurrentSpeed | J23: 0 | K23: Environment RefCurrentSpeed | L23: 0 | M23: Environment RefCurrentSpeed | N23: 0 | O23: Environment RefCurrentSpeed | P23: 0 | Q23: Environment RefCurrentSpeed | R23: 0 | S23: Environment RefCurrentSpeed | T23: 0 | U23: Environment RefCurrentSpeed | V23: 0 | W23: Environment RefCurrentSpeed | X23: 0 | Y23: Environment RefCurrentSpeed | Z23: 0 | AA23: Environment RefCurrentSpeed | AB23: 0 | AC23: Environment RefCurrentSpeed | AD23: 0 | AE23: Environment RefCurrentSpeed | AF23: 0 | AG23: Environment RefCurrentSpeed | AH23: 0 | AI23: Environment RefCurrentSpeed | AJ23: 0
A24: Environment CurrentFactor[1] | B24: 1 | C24: Environment CurrentFactor[1] | D24: 1 | E24: Environment CurrentFactor[1] | F24: 1 | G24: Environment CurrentFactor[1] | H24: 1 | I24: Environment CurrentFactor[1] | J24: 1 | K24: Environment CurrentFactor[1] | L24: 1 | M24: Environment CurrentFactor[1] | N24: 1 | O24: Environment CurrentFactor[1] | P24: 1 | Q24: Environment CurrentFactor[1] | R24: 1 | S24: Environment CurrentFactor[1] | T24: 1 | U24: Environment CurrentFactor[1] | V24: 1 | W24: Environment CurrentFactor[1] | X24: 1 | Y24: Environment CurrentFactor[1] | Z24: 1 | AA24: Environment CurrentFactor[1] | AB24: 1 | AC24: Environment CurrentFactor[1] | AD24: 1 | AE24: Environment CurrentFactor[1] | AF24: 1 | AG24: Environment CurrentFactor[1] | AH24: 1 | AI24: Environment CurrentFactor[1] | AJ24: 1
A25: Environment CurrentFactor[2] | B25: 1 | C25: Environment CurrentFactor[2] | D25: 1 | E25: Environment CurrentFactor[2] | F25: 1 | G25: Environment CurrentFactor[2] | H25: 1 | I25: Environment CurrentFactor[2] | J25: 1 | K25: Environment CurrentFactor[2] | L25: 1 | M25: Environment CurrentFactor[2] | N25: 1 | O25: Environment CurrentFactor[2] | P25: 1 | Q25: Environment CurrentFactor[2] | R25: 1 | S25: Environment CurrentFactor[2] | T25: 1 | U25: Environment CurrentFactor[2] | V25: 1 | W25: Environment CurrentFactor[2] | X25: 1 | Y25: Environment CurrentFactor[2] | Z25: 1 | AA25: Environment CurrentFactor[2] | AB25: 1 | AC25: Environment CurrentFactor[2] | AD25: 1 | AE25: Environment CurrentFactor[2] | AF25: 1 | AG25: Environment CurrentFactor[2] | AH25: 1 | AI25: Environment CurrentFactor[2] | AJ25: 1
A26: Environment RefCurrentDirection | B26: 180 | C26: Environment RefCurrentDirection | D26: 180 | E26: Environment RefCurrentDirection | F26: 180 | G26: Environment RefCurrentDirection | H26: 180 | I26: Environment RefCurrentDirection | J26: 180 | K26: Environment RefCurrentDirection | L26: 180 | M26: Environment RefCurrentDirection | N26: 180 | O26: Environment RefCurrentDirection | P26: 180 | Q26: Environment RefCurrentDirection | R26: 180 | S26: Environment RefCurrentDirection | T26: 180 | U26: Environment RefCurrentDirection | V26: 180 | W26: Environment RefCurrentDirection | X26: 180 | Y26: Environment RefCurrentDirection | Z26: 180 | AA26: Environment RefCurrentDirection | AB26: 180 | AC26: Environment RefCurrentDirection | AD26: 180 | AE26: Environment RefCurrentDirection | AF26: 180 | AG26: Environment RefCurrentDirection | AH26: 180 | AI26: Environment RefCurrentDirection | AJ26: 180
A27: API CODE CHECK SMYS | B27: 358000 | C27: API CODE CHECK SMYS | D27: 358000 | E27: API CODE CHECK SMYS | F27: 358000 | G27: API CODE CHECK SMYS | H27: 358000 | I27: API CODE CHECK SMYS | J27: 358000 | K27: API CODE CHECK SMYS | L27: 358000 | M27: API CODE CHECK SMYS | N27: 358000 | O27: API CODE CHECK SMYS | P27: 358000 | Q27: API CODE CHECK SMYS | R27: 358000 | S27: API CODE CHECK SMYS | T27: 358000 | U27: API CODE CHECK SMYS | V27: 358000 | W27: API CODE CHECK SMYS | X27: 358000 | Y27: API CODE CHECK SMYS | Z27: 358000 | AA27: API CODE CHECK SMYS | AB27: 358000 | AC27: API CODE CHECK SMYS | AD27: 358000 | AE27: API CODE CHECK SMYS | AF27: 358000 | AG27: API CODE CHECK SMYS | AH27: 358000 | AI27: API CODE CHECK SMYS | AJ27: 358000
A28: Pipe API RP 1111 Max Combined | B28: 0.10007657 | C28: Pipe API RP 1111 Max Combined | D28: 0.093435553 | E28: Pipe API RP 1111 Max Combined | F28: 0.090247155 | G28: Pipe API RP 1111 Max Combined | H28: 0.092477493 | I28: Pipe API RP 1111 Max Combined | J28: 0.09485294 | K28: Pipe API RP 1111 Max Combined | L28: 0.097382718 | M28: Pipe API RP 1111 Max Combined | N28: 0.1000804 | O28: Pipe API RP 1111 Max Combined | P28: 0.10296751 | Q28: Pipe API RP 1111 Max Combined | R28: 0.10605642 | S28: Pipe API RP 1111 Max Combined | T28: 0.10936649 | U28: Pipe API RP 1111 Max Combined | V28: 0.11292794 | W28: Pipe API RP 1111 Max Combined | X28: 0.11676665 | Y28: Pipe API RP 1111 Max Combined | Z28: 0.12087917 | AA28: Pipe API RP 1111 Max Combined | AB28: 0.12511434 | AC28: Pipe API RP 1111 Max Combined | AD28: 0.12947937 | AE28: Pipe API RP 1111 Max Combined | AF28: 0.13398093 | AG28: Pipe API RP 1111 Max Combined | AH28: 0.13862417 | AI28: Pipe API RP 1111 Max Combined | AJ28: 0.14349928
A29: Pipe Minimum Tension | B29: 54.346949 | C29: Pipe Minimum Tension | D29: 57.735303 | E29: Pipe Minimum Tension | F29: 61.400542 | G29: Pipe Minimum Tension | H29: 65.313411 | I29: Pipe Minimum Tension | J29: 69.521471 | K29: Pipe Minimum Tension | L29: 74.044459 | M29: Pipe Minimum Tension | N29: 78.907428 | O29: Pipe Minimum Tension | P29: 84.149352 | Q29: Pipe Minimum Tension | R29: 89.813236 | S29: Pipe Minimum Tension | T29: 95.927502 | U29: Pipe Minimum Tension | V29: 102.54748 | W29: Pipe Minimum Tension | X29: 109.74542 | Y29: Pipe Minimum Tension | Z29: 117.48856 | AA29: Pipe Minimum Tension | AB29: 125.5224 | AC29: Pipe Minimum Tension | AD29: 133.85417 | AE29: Pipe Minimum Tension | AF29: 142.49127 | AG29: Pipe Minimum Tension | AH29: 151.42752 | AI29: Pipe Minimum Tension | AJ29: 160.84384

Sheet Range Graph Results
A1: Load Case001.sim | G1: Load Case002.sim | M1: Load Case003.sim | S1: Load Case004.sim | Y1: Load Case005.sim | AE1: Load Case006.sim | AK1: Load Case007.sim | AQ1: Load Case008.sim | AW1: Load Case009.sim | BC1: Load Case010.sim | BI1: Load Case011.sim | BO1: Load Case012.sim | BU1: Load Case013.sim | CA1: Load Case014.sim | CG1: Load Case015.sim | CM1: Load Case016.sim | CS1: Load Case017.sim | CY1: Load Case018.sim
A2: Pipe Declination | D2: Max Von Mises Stress | G2: Pipe Declination | J2: Max Von Mises Stress | M2: Pipe Declination | P2: Max Von Mises Stress | S2: Pipe Declination | V2: Max Von Mises Stress | Y2: Pipe Declination | AB2: Max Von Mises Stress | AE2: Pipe Declination | AH2: Max Von Mises Stress | AK2: Pipe Declination | AN2: Max Von Mises Stress | AQ2: Pipe Declination | AT2: Max Von Mises Stress | AW2: Pipe Declination | AZ2: Max Von Mises Stress | BC2: Pipe Declination | BF2: Max Von Mises Stress | BI2: Pipe Declination | BL2: Max Von Mises Stress | BO2: Pipe Declination | BR2: Max Von Mises Stress | BU2: Pipe Declination | BX2: Max Von Mises Stress | CA2: Pipe Declination | CD2: Max Von Mises Stress | CG2: Pipe Declination | CJ2: Max Von Mises Stress | CM2: Pipe Declination | CP2: Max Von Mises Stress | CS2: Pipe Declination | CV2: Max Von Mises Stress | CY2: Pipe Declination | DB2: Max Von Mises Stress
A3: Arc Length | B3: Declination | C3: Declination Direction | D3: Arc Length | E3: Max von Mises Stress | F3: Allowable Stress | G3: Arc Length | H3: Declination | I3: Declination Direction | J3: Arc Length | K3: Max von Mises Stress | L3: Allowable Stress | M3: Arc Length | N3: Declination | O3: Declination Direction | P3: Arc Length | Q3: Max von Mises Stress | R3: Allowable Stress | S3: Arc Length | T3: Declination | U3: Declination Direction | V3: Arc Length | W3: Max von Mises Stress | X3: Allowable Stress | Y3: Arc Length | Z3: Declination | AA3: Declination Direction | AB3: Arc Length | AC3: Max von Mises Stress | AD3: Allowable Stress | AE3: Arc Length | AF3: Declination | AG3: Declination Direction | AH3: Arc Length | AI3: Max von Mises Stress | AJ3: Allowable Stress | AK3: Arc Length | AL3: Declination | AM3: Declination Direction | AN3: Arc Length | AO3: Max von Mises Stress | AP3: Allowable Stress | AQ3: Arc Length | AR3: Declination | AS3: Declination Direction | AT3: Arc Length | AU3: Max von Mises Stress | AV3: Allowable Stress | AW3: Arc Length | AX3: Declination | AY3: Declination Direction | AZ3: Arc Length | BA3: Max von Mises Stress | BB3: Allowable Stress | BC3: Arc Length | BD3: Declination | BE3: Declination Direction | BF3: Arc Length | BG3: Max von Mises Stress | BH3: Allowable Stress | BI3: Arc Length | BJ3: Declination | BK3: Declination Direction | BL3: Arc Length | BM3: Max von Mises Stress | BN3: Allowable Stress | BO3: Arc Length | BP3: Declination | BQ3: Declination Direction | BR3: Arc Length | BS3: Max von Mises Stress | BT3: Allowable Stress | BU3: Arc Length | BV3: Declination | BW3: Declination Direction | BX3: Arc Length | BY3: Max von Mises Stress | BZ3: Allowable Stress | CA3: Arc Length | CB3: Declination | CC3: Declination Direction | CD3: Arc Length | CE3: Max von Mises Stress | CF3: Allowable Stress | CG3: Arc Length | CH3: Declination | CI3: Declination Direction | CJ3: Arc Length | CK3: Max von Mises Stress | CL3: Allowable Stress | CM3: Arc Length | CN3: Declination | CO3: Declination Direction | CP3: Arc Length | CQ3: Max von Mises Stress | CR3: Allowable Stress | CS3: Arc Length | CT3: Declination | CU3: Declination Direction | CV3: Arc Length | CW3: Max von Mises Stress | CX3: Allowable Stress | CY3: Arc Length | CZ3: Declination | DA3: Declination Direction | DB3: Arc Length | DC3: Max von Mises Stress | DD3: Allowable Stress | DG3: Declination Direction | DM3: Declination Direction
A4: 0 | B4: 140 | C4: 0 | D4: 0 | E4: 20313.237 | F4: ~ | G4: 0 | H4: 140 | I4: 0 | J4: 0 | K4: 28517.717 | L4: ~ | M4: 0 | N4: 140 | O4: 0 | P4: 0 | Q4: 36889.296 | R4: ~ | S4: 0 | T4: 140 | U4: 0 | V4: 0 | W4: 36378.403 | X4: ~ | Y4: 0 | Z4: 140 | AA4: 0 | AB4: 0 | AC4: 33527.834 | AD4: ~ | AE4: 0 | AF4: 140 | AG4: 0 | AH4: 0 | AI4: 30656.95 | AJ4: ~ | AK4: 0 | AL4: 140 | AM4: 0 | AN4: 0 | AO4: 27771.526 | AP4: ~ | AQ4: 0 | AR4: 140 | AS4: 0 | AT4: 0 | AU4: 28310.968 | AV4: ~ | AW4: 0 | AX4: 140 | AY4: 0 | AZ4: 0 | BA4: 29644.254 | BB4: ~ | BC4: 0 | BD4: 140 | BE4: 0 | BF4: 0 | BG4: 30994.327 | BH4: ~ | BI4: 0 | BJ4: 140 | BK4: 0 | BL4: 0 | BM4: 31663.159 | BN4: ~ | BO4: 0 | BP4: 140 | BQ4: 0 | BR4: 0 | BS4: 32452.378 | BT4: ~ | BU4: 0 | BV4: 140 | BW4: 0 | BX4: 0 | BY4: 33337.503 | BZ4: ~ | CA4: 0 | CB4: 140 | CC4: 0 | CD4: 0 | CE4: 34321.512 | CF4: ~ | CG4: 0 | CH4: 140 | CI4: 0 | CJ4: 0 | CK4: 34605.931 | CL4: ~ | CM4: 0 | CN4: 140 | CO4: 0 | CP4: 0 | CQ4: 40152.741 | CR4: ~ | CS4: 0 | CT4: 140 | CU4: 0 | CV4: 0 | CW4: 36280.399 | CX4: ~ | CY4: 0 | CZ4: 140 | DA4: 0 | DB4: 0 | DC4: 98796.436 | DD4: ~ | DG4: 0 | DM4: 0
A5: 0.125 | B5: 140.0006 | C5: =B5-B4 -> 0.00060016958 | D5: 0.125 | E5: 19086.648 | F5: ~ | G5: 0.125 | H5: 140.00321 | I5: =H5-H4 -> 0.0032123262 | J5: 0.125 | K5: 27135.495 | L5: ~ | M5: 0.125 | N5: 140.00587 | O5: =N5-N4 -> 0.0058715377 | P5: 0.125 | Q5: 35346.836 | R5: ~ | S5: 0.125 | T5: 140.00554 | U5: =T5-T4 -> 0.005540097 | V5: 0.125 | W5: 35016.585 | X5: ~ | Y5: 0.125 | Z5: 140.00441 | AA5: =Z5-Z4 -> 0.0044129617 | AB5: 0.125 | AC5: 32439.547 | AD5: ~ | AE5: 0.125 | AF5: 140.00327 | AG5: =AF5-AF4 -> 0.0032677707 | AH5: 0.125 | AI5: 29846.895 | AJ5: ~ | AK5: 0.125 | AL5: 140.00211 | AM5: =AL5-AL4 -> 0.0021054353 | AN5: 0.125 | AO5: 27244.23 | AP5: ~ | AQ5: 0.125 | AR5: 140.00208 | AS5: =AR5-AR4 -> 0.0020783537 | AT5: 0.125 | AU5: 27782.762 | AV5: ~ | AW5: 0.125 | AX5: 140.0023 | AY5: =AX5-AX4 -> 0.0023030561 | AZ5: 0.125 | BA5: 29051.993 | BB5: ~ | BC5: 0.125 | BD5: 140.00252 | BE5: =BD5-BD4 -> 0.0025174499 | BF5: 0.125 | BG5: 30340.867 | BH5: ~ | BI5: 0.125 | BJ5: 140.00249 | BK5: =BJ5-BJ4 -> 0.0024852135 | BL5: 0.125 | BM5: 31019.157 | BN5: ~ | BO5: 0.125 | BP5: 140.00247 | BQ5: =BP5-BP4 -> 0.0024733816 | BR5: 0.125 | BS5: 31811.66 | BT5: ~ | BU5: 0.125 | BV5: 140.00247 | BW5: =BV5-BV4 -> 0.002473992 | BX5: 0.125 | BY5: 32696.309 | BZ5: ~ | CA5: 0.125 | CB5: 140.0025 | CC5: =CB5-CB4 -> 0.002498935 | CD5: 0.125 | CE5: 33672.632 | CF5: ~ | CG5: 0.125 | CH5: 140.00228 | CI5: =CH5-CH4 -> 0.0022798233 | CJ5: 0.125 | CK5: 34017.279 | CL5: ~ | CM5: 0.125 | CN5: 140.00382 | CO5: =CN5-CN4 -> 0.0038164141 | CP5: 0.125 | CQ5: 39219.291 | CR5: ~ | CS5: 0.125 | CT5: 139.99782 | CU5: =CT5-CT4 -> -0.0021806528 | CV5: 0.125 | CW5: 37452.76 | CX5: ~ | CY5: 0.125 | CZ5: 139.97718 | DA5: =CZ5-CZ4 -> -0.022816779 | DB5: 0.125 | DC5: 98604.388 | DD5: ~ | DG5: =DF5-DF4 -> 0 | DM5: =DL5-DL4 -> 0
A6: 0.375 | B6: 140.00017 | C6: =B6-B5 -> -0.00043018774 | D6: 0.375 | E6: 20282.721 | F6: ~ | G6: 0.375 | H6: 140.0078 | I6: =H6-H5 -> 0.0045853379 | J6: 0.375 | K6: 24434.233 | L6: ~ | M6: 0.375 | N6: 140.01556 | O6: =N6-N5 -> 0.0096886654 | P6: 0.375 | Q6: 32330.036 | R6: ~ | S6: 0.375 | T6: 140.01481 | U6: =T6-T5 -> 0.0092684725 | V6: 0.375 | W6: 32360.87 | X6: ~ | Y6: 0.375 | Z6: 140.01179 | AA6: =Z6-Z5 -> 0.0073815897 | AB6: 0.375 | AC6: 30329.23 | AD6: ~ | AE6: 0.375 | AF6: 140.00873 | AG6: =AF6-AF5 -> 0.0054648416 | AH6: 0.375 | AI6: 28291.279 | AJ6: ~ | AK6: 0.375 | AL6: 140.00563 | AM6: =AL6-AL5 -> 0.0035198046 | AN6: 0.375 | AO6: 26252.249 | AP6: ~ | AQ6: 0.375 | AR6: 140.00554 | AS6: =AR6-AR5 -> 0.0034644167 | AT6: 0.375 | AU6: 26789.009 | AV6: ~ | AW6: 0.375 | AX6: 140.00613 | AY6: =AX6-AX5 -> 0.003827824 | AZ6: 0.375 | BA6: 27930.647 | BB6: ~ | BC6: 0.375 | BD6: 140.00669 | BE6: =BD6-BD5 -> 0.0041744447 | BF6: 0.375 | BG6: 29097.654 | BH6: ~ | BI6: 0.375 | BJ6: 140.00661 | BK6: =BJ6-BJ5 -> 0.0041226655 | BL6: 0.375 | BM6: 29794.956 | BN6: ~ | BO6: 0.375 | BP6: 140.00658 | BQ6: =BP6-BP5 -> 0.0041034063 | BR6: 0.375 | BS6: 30594.172 | BT6: ~ | BU6: 0.375 | BV6: 140.00658 | BW6: =BV6-BV5 -> 0.0041039853 | BX6: 0.375 | BY6: 31478.051 | BZ6: ~ | CA6: 0.375 | CB6: 140.00664 | CC6: =CB6-CB5 -> 0.0041435474 | CD6: 0.375 | CE6: 32439.237 | CF6: ~ | CG6: 0.375 | CH6: 140.00607 | CI6: =CH6-CH5 -> 0.0037861762 | CJ6: 0.375 | CK6: 32904.045 | CL6: ~ | CM6: 0.375 | CN6: 140.01021 | CO6: =CN6-CN5 -> 0.0063964245 | CP6: 0.375 | CQ6: 37420.325 | CR6: ~ | CS6: 0.375 | CT6: 139.99187 | CU6: =CT6-CT5 -> -0.0059528899 | CV6: 0.375 | CW6: 39747.481 | CX6: ~ | CY6: 0.375 | CZ6: 139.93179 | DA6: =CZ6-CZ5 -> -0.045392347 | DB6: 0.375 | DC6: 98230.254 | DD6: ~ | DG6: =DF6-DF5 -> 0 | DM6: =DL6-DL5 -> 0
A7: 0.625 | B7: 139.99819 | C7: =B7-B6 -> -0.0019821904 | D7: 0.625 | E7: 22510.237 | F7: ~ | G7: 0.625 | H7: 140.01063 | I7: =H7-H6 -> 0.0028308018 | J7: 0.625 | K7: 21857.655 | L7: ~ | M7: 0.625 | N7: 140.02329 | O7: =N7-N6 -> 0.0077256986 | P7: 0.625 | Q7: 29447.558 | R7: ~ | S7: 0.625 | T7: 140.02236 | U7: =T7-T6 -> 0.007547951 | V7: 0.625 | W7: 29839.278 | X7: ~ | Y7: 0.625 | Z7: 140.01782 | AA7: =Z7-Z6 -> 0.0060262319 | AB7: 0.625 | AC7: 28350.047 | AD7: ~ | AE7: 0.625 | AF7: 140.01321 | AG7: =AF7-AF6 -> 0.0044807375 | AH7: 0.625 | AI7: 26863.619 | AJ7: ~ | AK7: 0.625 | AL7: 140.00854 | AM7: =AL7-AL6 -> 0.0029127843 | AN7: 0.625 | AO7: 25384.831 | AP7: ~ | AQ7: 0.625 | AR7: 140.0084 | AS7: =AR7-AR6 -> 0.0028562355 | AT7: 0.625 | AU7: 25919.895 | AV7: ~ | AW7: 0.625 | AX7: 140.00927 | AY7: =AX7-AX6 -> 0.0031343441 | AZ7: 0.625 | BA7: 26934.859 | BB7: ~ | BC7: 0.625 | BD7: 140.01009 | BE7: =BD7-BD6 -> 0.0033995158 | BF7: 0.625 | BG7: 27980.943 | BH7: ~ | BI7: 0.625 | BJ7: 140.00997 | BK7: =BJ7-BJ6 -> 0.003360559 | BL7: 0.625 | BM7: 28697.437 | BN7: ~ | BO7: 0.625 | BP7: 140.00992 | BQ7: =BP7-BP6 -> 0.0033458977 | BR7: 0.625 | BS7: 29503.629 | BT7: ~ | BU7: 0.625 | BV7: 140.00992 | BW7: =BV7-BV6 -> 0.0033460759 | BX7: 0.625 | BY7: 30387.065 | BZ7: ~ | CA7: 0.625 | CB7: 140.01002 | CC7: =CB7-CB6 -> 0.0033756317 | CD7: 0.625 | CE7: 31333.54 | CF7: ~ | CG7: 0.625 | CH7: 140.00916 | CI7: =CH7-CH6 -> 0.0030987138 | CJ7: 0.625 | CK7: 31917.995 | CL7: ~ | CM7: 0.625 | CN7: 140.01546 | CO7: =CN7-CN6 -> 0.0052512324 | CP7: 0.625 | CQ7: 35755.585 | CR7: ~ | CS7: 0.625 | CT7: 139.98439 | CU7: =CT7-CT6 -> -0.00747713 | CV7: 0.625 | CW7: 41944.274 | CX7: ~ | CY7: 0.625 | CZ7: 139.88663 | DA7: =CZ7-CZ6 -> -0.045164501 | DB7: 0.625 | DC7: 97875.586 | DD7: ~ | DG7: =DF7-DF6 -> 0 | DM7: =DL7-DL6 -> 0
A8: 0.875 | B8: 139.99473 | C8: =B8-B7 -> -0.0034575617 | D8: 0.875 | E8: 24625.458 | F8: ~ | G8: 0.875 | H8: 140.01179 | I8: =H8-H7 -> 0.0011588386 | J8: 0.875 | K8: 19402.574 | L8: ~ | M8: 0.875 | N8: 140.02914 | O8: =N8-N7 -> 0.0058516339 | P8: 0.875 | Q8: 26695.717 | R8: ~ | S8: 0.875 | T8: 140.02827 | U8: =T8-T7 -> 0.005916345 | V8: 0.875 | W8: 27448.503 | X8: ~ | Y8: 0.875 | Z8: 140.02258 | AA8: =Z8-Z7 -> 0.0047580045 | AB8: 0.875 | AC8: 26499.344 | AD8: ~ | AE8: 0.875 | AF8: 140.0168 | AG8: =AF8-AF7 -> 0.0035818531 | AH8: 0.875 | AI8: 25561.963 | AJ8: ~ | AK8: 0.875 | AL8: 140.01093 | AM8: =AL8-AL7 -> 0.0023889373 | AN8: 0.875 | AO8: 24640.773 | AP8: ~ | AQ8: 0.875 | AR8: 140.01073 | AS8: =AR8-AR7 -> 0.002331265 | AT8: 0.875 | AU8: 25174.18 | AV8: ~ | AW8: 0.875 | AX8: 140.01179 | AY8: =AX8-AX7 -> 0.0025246177 | AZ8: 0.875 | BA8: 26063.158 | BB8: ~ | BC8: 0.875 | BD8: 140.0128 | BE8: =BD8-BD7 -> 0.0027088982 | BF8: 0.875 | BG8: 26989.03 | BH8: ~ | BI8: 0.875 | BJ8: 140.01265 | BK8: =BJ8-BJ7 -> 0.0026828739 | BL8: 0.875 | BM8: 27724.87 | BN8: ~ | BO8: 0.875 | BP8: 140.0126 | BQ8: =BP8-BP7 -> 0.00267297 | BR8: 0.875 | BS8: 28538.255 | BT8: ~ | BU8: 0.875 | BV8: 140.0126 | BW8: =BV8-BV7 -> 0.0026729436 | BX8: 0.875 | BY8: 29421.51 | BZ8: ~ | CA8: 0.875 | CB8: 140.01271 | CC8: =CB8-CB7 -> 0.0026927472 | CD8: 0.875 | CE8: 30353.609 | CF8: ~ | CG8: 0.875 | CH8: 140.01166 | CI8: =CH8-CH7 -> 0.0024959848 | CJ8: 0.875 | CK8: 31057.351 | CL8: ~ | CM8: 0.875 | CN8: 140.01966 | CO8: =CN8-CN7 -> 0.0041950554 | CP8: 0.875 | CQ8: 34221.93 | CR8: ~ | CS8: 0.875 | CT8: 139.97545 | CU8: =CT8-CT7 -> -0.0089370063 | CV8: 0.875 | CW8: 44047.446 | CX8: ~ | CY8: 0.875 | CZ8: 139.84168 | DA8: =CZ8-CZ7 -> -0.044949406 | DB8: 0.875 | DC8: 97539.491 | DD8: ~ | DG8: =DF8-DF7 -> 0 | DM8: =DL8-DL7 -> 0
A9: 1.125 | B9: 139.98987 | C9: =B9-B8 -> -0.0048580933 | D9: 1.125 | E9: 26630.83 | F9: ~ | G9: 1.125 | H9: 140.01135 | I9: =H9-H8 -> -0.00043264594 | J9: 1.125 | K9: 20606.104 | L9: ~ | M9: 1.125 | N9: 140.0332 | O9: =N9-N8 -> 0.004064053 | P9: 1.125 | Q9: 24071.009 | R9: ~ | S9: 1.125 | T9: 140.03264 | U9: =T9-T8 -> 0.0043714949 | V9: 1.125 | W9: 25185.418 | X9: ~ | Y9: 1.125 | Z9: 140.02615 | AA9: =Z9-Z8 -> 0.0035751855 | AB9: 1.125 | AC9: 24774.645 | AD9: ~ | AE9: 1.125 | AF9: 140.01956 | AG9: =AF9-AF8 -> 0.002766935 | AH9: 1.125 | AI9: 24384.537 | AJ9: ~ | AK9: 1.125 | AL9: 140.01287 | AM9: =AL9-AL8 -> 0.0019475122 | AN9: 1.125 | AO9: 24019.051 | AP9: ~ | AQ9: 1.125 | AR9: 140.01262 | AS9: =AR9-AR8 -> 0.0018887308 | AT9: 1.125 | AU9: 24550.807 | AV9: ~ | AW9: 1.125 | AX9: 140.01379 | AY9: =AX9-AX8 -> 0.0019977189 | AZ9: 1.125 | BA9: 25314.267 | BB9: ~ | BC9: 1.125 | BD9: 140.0149 | BE9: =BD9-BD8 -> 0.0021015113 | BF9: 1.125 | BG9: 26120.409 | BH9: ~ | BI9: 1.125 | BJ9: 140.01474 | BK9: =BJ9-BJ8 -> 0.0020885155 | BL9: 1.125 | BM9: 26875.733 | BN9: ~ | BO9: 1.125 | BP9: 140.01468 | BQ9: =BP9-BP8 -> 0.0020834994 | BR9: 1.125 | BS9: 27696.487 | BT9: ~ | BU9: 1.125 | BV9: 140.01468 | BW9: =BV9-BV8 -> 0.0020834249 | BX9: 1.125 | BY9: 28579.769 | BZ9: ~ | CA9: 1.125 | CB9: 140.0148 | CC9: =CB9-CB8 -> 0.0020936725 | CD9: 1.125 | CE9: 29497.745 | CF9: ~ | CG9: 1.125 | CH9: 140.01364 | CI9: =CH9-CH8 -> 0.0019768735 | CJ9: 1.125 | CK9: 30320.575 | CL9: ~ | CM9: 1.125 | CN9: 140.02288 | CO9: =CN9-CN8 -> 0.003225871 | CP9: 1.125 | CQ9: 32816.48 | CR9: ~ | CS9: 1.125 | CT9: 139.96512 | CU9: =CT9-CT8 -> -0.010335367 | CV9: 1.125 | CW9: 46061.114 | CX9: ~ | CY9: 1.125 | CZ9: 139.79693 | DA9: =CZ9-CZ8 -> -0.044746478 | DB9: 1.125 | DC9: 97221.115 | DD9: ~ | DG9: =DF9-DF8 -> 0 | DM9: =DL9-DL8 -> 0
A10: 1.375 | B10: 139.98369 | C10: =B10-B9 -> -0.0061854787 | D10: 1.375 | E10: 28528.706 | F10: ~ | G10: 1.375 | H10: 140.00941 | I10: =H10-H9 -> -0.0019456375 | J10: 1.375 | K10: 22775.684 | L10: ~ | M10: 1.375 | N10: 140.03556 | O10: =N10-N9 -> 0.0023606576 | P10: 1.375 | Q10: 21570.109 | R10: ~ | S10: 1.375 | T10: 140.03556 | U10: =T10-T9 -> 0.0029113624 | V10: 1.375 | W10: 23047.075 | X10: ~ | Y10: 1.375 | Z10: 140.02863 | AA10: =Z10-Z9 -> 0.0024761736 | AB10: 1.375 | AC10: 23173.657 | AD10: ~ | AE10: 1.375 | AF10: 140.0216 | AG10: =AF10-AF9 -> 0.0020348497 | AH10: 1.375 | AI10: 23329.749 | AJ10: ~ | AK10: 1.375 | AL10: 140.01446 | AM10: =AL10-AL9 -> 0.0015878764 | AN10: 1.375 | AO10: 23518.817 | AP10: ~ | AQ10: 1.375 | AR10: 140.01415 | AS10: =AR10-AR9 -> 0.0015279807 | AT10: 1.375 | AU10: 24048.901 | AV10: ~ | AW10: 1.375 | AX10: 140.01534 | AY10: =AX10-AX9 -> 0.0015528493 | AZ10: 1.375 | BA10: 24687.096 | BB10: ~ | BC10: 1.375 | BD10: 140.01648 | BE10: =BD10-BD9 -> 0.0015764066 | BF10: 1.375 | BG10: 25373.771 | BH10: ~ | BI10: 1.375 | BJ10: 140.01632 | BK10: =BJ10-BJ9 -> 0.0015765255 | BL10: 1.375 | BM10: 26148.704 | BN10: ~ | BO10: 1.375 | BP10: 140.01626 | BQ10: =BP10-BP9 -> 0.0015765032 | BR10: 1.375 | BS10: 26976.97 | BT10: ~ | BU10: 1.375 | BV10: 140.01626 | BW10: =BV10-BV9 -> 0.0015765026 | BX10: 1.375 | BY10: 27860.439 | BZ10: ~ | CA10: 1.375 | CB10: 140.01638 | CC10: =CB10-CB9 -> 0.0015773379 | CD10: 1.375 | CE10: 28764.47 | CF10: ~ | CG10: 1.375 | CH10: 140.01518 | CI10: =CH10-CH9 -> 0.0015404203 | CJ10: 1.375 | CK10: 29706.353 | CL10: ~ | CM10: 1.375 | CN10: 140.02523 | CO10: =CN10-CN9 -> 0.0023418274 | CP10: 1.375 | CQ10: 31536.604 | CR10: ~ | CS10: 1.375 | CT10: 139.95344 | CU10: =CT10-CT9 -> -0.011674931 | CV10: 1.375 | CW10: 47989.219 | CX10: ~ | CY10: 1.375 | CZ10: 139.75238 | DA10: =CZ10-CZ9 -> -0.044555157 | DB10: 1.375 | DC10: 96919.643 | DD10: ~ | DG10: =DF10-DF9 -> 0 | DM10: =DL10-DL9 -> 0
A11: 1.625 | B11: 139.97625 | C11: =B11-B10 -> -0.0074413155 | D11: 1.625 | E11: 30321.332 | F11: ~ | G11: 1.625 | H11: 140.00603 | I11: =H11-H10 -> -0.0033820164 | J11: 1.625 | K11: 24832.942 | L11: ~ | M11: 1.625 | N11: 140.0363 | O11: =N11-N10 -> 0.00073926503 | P11: 1.625 | Q11: 19283.536 | R11: ~ | S11: 1.625 | T11: 140.03709 | U11: =T11-T10 -> 0.0015340275 | V11: 1.625 | W11: 21030.7 | X11: ~ | Y11: 1.625 | Z11: 140.03009 | AA11: =Z11-Z10 -> 0.0014594857 | AB11: 1.625 | AC11: 21694.259 | AD11: ~ | AE11: 1.625 | AF11: 140.02298 | AG11: =AF11-AF10 -> 0.0013845816 | AH11: 1.625 | AI11: 22396.178 | AJ11: ~ | AK11: 1.625 | AL11: 140.01577 | AM11: =AL11-AL10 -> 0.0013095152 | AN11: 1.625 | AO11: 23139.397 | AP11: ~ | AQ11: 1.625 | AR11: 140.0154 | AS11: =AR11-AR10 -> 0.0012484841 | AT11: 1.625 | AU11: 23667.767 | AV11: ~ | AW11: 1.625 | AX11: 140.01653 | AY11: =AX11-AX10 -> 0.0011893357 | AZ11: 1.625 | BA11: 24180.741 | BB11: ~ | BC11: 1.625 | BD11: 140.01761 | BE11: =BD11-BD10 -> 0.0011327659 | BF11: 1.625 | BG11: 24747.999 | BH11: ~ | BI11: 1.625 | BJ11: 140.01746 | BK11: =BJ11-BJ10 -> 0.0011460801 | BL11: 1.625 | BM11: 25542.659 | BN11: ~ | BO11: 1.625 | BP11: 140.01741 | BQ11: =BP11-BP10 -> 0.0011511379 | BR11: 1.625 | BS11: 26378.555 | BT11: ~ | BU11: 1.625 | BV11: 140.01741 | BW11: =BV11-BV10 -> 0.0011513038 | BX11: 1.625 | BY11: 27262.329 | BZ11: ~ | CA11: 1.625 | CB11: 140.01752 | CC11: =CB11-CB10 -> 0.0011428232 | CD11: 1.625 | CE11: 28152.526 | CF11: ~ | CG11: 1.625 | CH11: 140.01636 | CI11: =CH11-CH10 -> 0.0011858195 | CJ11: 1.625 | CK11: 29213.605 | CL11: ~ | CM11: 1.625 | CN11: 140.02677 | CO11: =CN11-CN10 -> 0.0015412386 | CP11: 1.625 | CQ11: 30379.915 | CR11: ~ | CS11: 1.625 | CT11: 139.94048 | CU11: =CT11-CT10 -> -0.012958295 | CV11: 1.625 | CW11: 49835.523 | CX11: ~ | CY11: 1.625 | CZ11: 139.708 | DA11: =CZ11-CZ10 -> -0.044374907 | DB11: 1.625 | DC11: 96634.297 | DD11: ~ | DG11: =DF11-DF10 -> 0 | DM11: =DL11-DL10 -> 0
A12: 1.875 | B12: 139.96762 | C12: =B12-B11 -> -0.0086271078 | D12: 1.875 | E12: 32010.835 | F12: ~ | G12: 1.875 | H12: 140.00128 | I12: =H12-H11 -> -0.0047435601 | J12: 1.875 | K12: 26780.315 | L12: ~ | M12: 1.875 | N12: 140.0355 | O12: =N12-N11 -> -0.00080219458 | P12: 1.875 | Q12: 21494.185 | R12: ~ | S12: 1.875 | T12: 140.03733 | U12: =T12-T11 -> 0.00023768519 | V12: 1.875 | W12: 20237.992 | X12: ~ | Y12: 1.875 | Z12: 140.03061 | AA12: =Z12-Z11 -> 0.00052375386 | AB12: 1.875 | AC12: 20334.499 | AD12: ~ | AE12: 1.875 | AF12: 140.0238 | AG12: =AF12-AF11 -> 0.00081523101 | AH12: 1.875 | AI12: 21582.577 | AJ12: ~ | AK12: 1.875 | AL12: 140.01688 | AM12: =AL12-AL11 -> 0.0011120306 | AN12: 1.875 | AO12: 22880.288 | AP12: ~ | AQ12: 1.875 | AR12: 140.01645 | AS12: =AR12-AR11 -> 0.0010498299 | AT12: 1.875 | AU12: 23406.885 | AV12: ~ | AW12: 1.875 | AX12: 140.01744 | AY12: =AX12-AX11 -> 0.00090662909 | AZ12: 1.875 | BA12: 23794.48 | BB12: ~ | BC12: 1.875 | BD12: 140.01838 | BE12: =BD12-BD11 -> 0.0007698992 | BF12: 1.875 | BG12: 24242.165 | BH12: ~ | BI12: 1.875 | BJ12: 140.01826 | BK12: =BJ12-BJ11 -> 0.00079648772 | BL12: 1.875 | BM12: 25056.672 | BN12: ~ | BO12: 1.875 | BP12: 140.01821 | BQ12: =BP12-BP11 -> 0.00080669707 | BR12: 1.875 | BS12: 25900.295 | BT12: ~ | BU12: 1.875 | BV12: 140.01822 | BW12: =BV12-BV11 -> 0.00080709717 | BX12: 1.875 | BY12: 26784.461 | BZ12: ~ | CA12: 1.875 | CB12: 140.01831 | CC12: =CB12-CB11 -> 0.00078935527 | CD12: 1.875 | CE12: 27660.876 | CF12: ~ | CG12: 1.875 | CH12: 140.01728 | CI12: =CH12-CH11 -> 0.00091241732 | CJ12: 1.875 | CK12: 28841.47 | CL12: ~ | CM12: 1.875 | CN12: 140.02759 | CO12: =CN12-CN11 -> 0.00082258107 | CP12: 1.875 | CQ12: 29344.266 | CR12: ~ | CS12: 1.875 | CT12: 139.9263 | CU12: =CT12-CT11 -> -0.014187938 | CV12: 1.875 | CW12: 51603.623 | CX12: ~ | CY12: 1.875 | CZ12: 139.6638 | DA12: =CZ12-CZ11 -> -0.044205218 | DB12: 1.875 | DC12: 96364.33 | DD12: ~ | DG12: =DF12-DF11 -> 0 | DM12: =DL12-DL11 -> 0
A13: 2.125 | B13: 139.95787 | C13: =B13-B12 -> -0.0097442687 | D13: 2.125 | E13: 33599.221 | F13: ~ | G13: 2.125 | H13: 139.99525 | I13: =H13-H12 -> -0.0060319463 | J13: 2.125 | K13: 28620.143 | L13: ~ | M13: 2.125 | N13: 140.03323 | O13: =N13-N12 -> -0.0022656816 | P13: 2.125 | Q13: 23590.641 | R13: ~ | S13: 2.125 | T13: 140.03635 | U13: =T13-T12 -> -0.00097935741 | V13: 2.125 | W13: 21966.592 | X13: ~ | Y13: 2.125 | Z13: 140.03028 | AA13: =Z13-Z12 -> -0.00033227636 | AB13: 2.125 | AC13: 21240.208 | AD13: ~ | AE13: 2.125 | AF13: 140.02412 | AG13: =AF13-AF12 -> 0.00032601244 | AH13: 2.125 | AI13: 20887.867 | AJ13: ~ | AK13: 2.125 | AL13: 140.01788 | AM13: =AL13-AL12 -> 0.00099513984 | AN13: 2.125 | AO13: 22741.157 | AP13: ~ | AQ13: 2.125 | AR13: 140.01738 | AS13: =AR13-AR12 -> 0.00093172562 | AT13: 2.125 | AU13: 23265.91 | AV13: ~ | AW13: 2.125 | AX13: 140.01814 | AY13: =AX13-AX12 -> 0.00070430293 | AZ13: 2.125 | BA13: 23527.773 | BB13: ~ | BC13: 2.125 | BD13: 140.01887 | BE13: =BD13-BD12 -> 0.00048724326 | BF13: 2.125 | BG13: 23855.527 | BH13: ~ | BI13: 2.125 | BJ13: 140.01879 | BK13: =BJ13-BJ12 -> 0.000527188 | BL13: 2.125 | BM13: 24690.009 | BN13: ~ | BO13: 2.125 | BP13: 140.01876 | BQ13: =BP13-BP12 -> 0.00054260947 | BR13: 2.125 | BS13: 25541.444 | BT13: ~ | BU13: 2.125 | BV13: 140.01876 | BW13: =BV13-BV12 -> 0.00054329203 | BX13: 2.125 | BY13: 26426.06 | BZ13: ~ | CA13: 2.125 | CB13: 140.01883 | CC13: =CB13-CB12 -> 0.00051630618 | CD13: 2.125 | CE13: 27288.694 | CF13: ~ | CG13: 2.125 | CH13: 140.018 | CI13: =CH13-CH12 -> 0.00071971014 | CJ13: 2.125 | CK13: 28589.313 | CL13: ~ | CM13: 2.125 | CN13: 140.02778 | CO13: =CN13-CN12 -> 0.00018449034 | CP13: 2.125 | CQ13: 28710.377 | CR13: ~ | CS13: 2.125 | CT13: 139.91093 | CU13: =CT13-CT12 -> -0.015366225 | CV13: 2.125 | CW13: 53296.953 | CX13: ~ | CY13: 2.125 | CZ13: 139.61975 | DA13: =CZ13-CZ12 -> -0.044045599 | DB13: 2.125 | DC13: 96109.03 | DD13: ~ | DG13: =DF13-DF12 -> 0 | DM13: =DL13-DL12 -> 0
A14: 2.375 | B14: 139.94708 | C14: =B14-B13 -> -0.010794122 | D14: 2.375 | E14: 35088.374 | F14: ~ | G14: 2.375 | H14: 139.988 | I14: =H14-H13 -> -0.0072487554 | J14: 2.375 | K14: 30354.65 | L14: ~ | M14: 2.375 | N14: 140.02958 | O14: =N14-N13 -> -0.0036530497 | P14: 2.375 | Q14: 25575.416 | R14: ~ | S14: 2.375 | T14: 140.03423 | U14: =T14-T13 -> -0.0021186835 | V14: 2.375 | W14: 23580.832 | X14: ~ | Y14: 2.375 | Z14: 140.02917 | AA14: =Z14-Z13 -> -0.0011097486 | AB14: 2.375 | AC14: 22314.995 | AD14: ~ | AE14: 2.375 | AF14: 140.02404 | AG14: =AF14-AF13 -> -8.3746968e-05 | AH14: 2.375 | AI14: 21053.436 | AJ14: ~ | AK14: 2.375 | AL14: 140.01884 | AM14: =AL14-AL13 -> 0.00095867453 | AN14: 2.375 | AO14: 22721.841 | AP14: ~ | AQ14: 2.375 | AR14: 140.01827 | AS14: =AR14-AR13 -> 0.00089399676 | AT14: 2.375 | AU14: 23244.671 | AV14: ~ | AW14: 2.375 | AX14: 140.01872 | AY14: =AX14-AX13 -> 0.0005820521 | AZ14: 2.375 | BA14: 23380.257 | BB14: ~ | BC14: 2.375 | BD14: 140.01915 | BE14: =BD14-BD13 -> 0.00028436018 | BF14: 2.375 | BG14: 23587.531 | BH14: ~ | BI14: 2.375 | BJ14: 140.01912 | BK14: =BJ14-BJ13 -> 0.00033774983 | BL14: 2.375 | BM14: 24442.126 | BN14: ~ | BO14: 2.375 | BP14: 140.01911 | BQ14: =BP14-BP13 -> 0.00035843797 | BR14: 2.375 | BS14: 25301.453 | BT14: ~ | BU14: 2.375 | BV14: 140.01912 | BW14: =BV14-BV13 -> 0.00035943618 | BX14: 2.375 | BY14: 26186.559 | BZ14: ~ | CA14: 2.375 | CB14: 140.01915 | CC14: =CB14-CB13 -> 0.00032319167 | CD14: 2.375 | CE14: 27035.368 | CF14: ~ | CG14: 2.375 | CH14: 140.0186 | CI14: =CH14-CH13 -> 0.00060734304 | CJ14: 2.375 | CK14: 28456.716 | CL14: ~ | CM14: 2.375 | CN14: 140.0274 | CO14: =CN14-CN13 -> -0.00037424241 | CP14: 2.375 | CQ14: 29459.129 | CR14: ~ | CS14: 2.375 | CT14: 139.89443 | CU14: =CT14-CT13 -> -0.016495413 | CV14: 2.375 | CW14: 54918.792 | CX14: ~ | CY14: 2.375 | CZ14: 139.57585 | DA14: =CZ14-CZ13 -> -0.043895584 | DB14: 2.375 | DC14: 95867.715 | DD14: ~ | DG14: =DF14-DF13 -> 0 | DM14: =DL14-DL13 -> 0
A15: 2.625 | B15: 139.9353 | C15: =B15-B14 -> -0.011777906 | D15: 2.625 | E15: 36480.057 | F15: ~ | G15: 2.625 | H15: 139.97961 | I15: =H15-H14 -> -0.0083954728 | J15: 2.625 | K15: 31985.939 | L15: ~ | M15: 2.625 | N15: 140.02461 | O15: =N15-N14 -> -0.0049660491 | P15: 2.625 | Q15: 27450.934 | R15: ~ | S15: 2.625 | T15: 140.03105 | U15: =T15-T14 -> -0.0031817694 | V15: 2.625 | W15: 25082.754 | X15: ~ | Y15: 2.625 | Z15: 140.02736 | AA15: =Z15-Z14 -> -0.0018096977 | AB15: 2.625 | AC15: 23275.128 | AD15: ~ | AE15: 2.625 | AF15: 140.02362 | AG15: =AF15-AF14 -> -0.00041460896 | AH15: 2.625 | AI15: 21462.746 | AJ15: ~ | AK15: 2.625 | AL15: 140.01984 | AM15: =AL15-AL14 -> 0.0010025801 | AN15: 2.625 | AO15: 22822.341 | AP15: ~ | AQ15: 2.625 | AR15: 140.01921 | AS15: =AR15-AR14 -> 0.00093658558 | AT15: 2.625 | AU15: 23343.169 | AV15: ~ | AW15: 2.625 | AX15: 140.01926 | AY15: =AX15-AX14 -> 0.00053969194 | AZ15: 2.625 | BA15: 23351.749 | BB15: ~ | BC15: 2.625 | BD15: 140.01931 | BE15: =BD15-BD14 -> 0.00016093619 | BF15: 2.625 | BG15: 23437.804 | BH15: ~ | BI15: 2.625 | BJ15: 140.01935 | BK15: =BJ15-BJ14 -> 0.00022787042 | BL15: 2.625 | BM15: 24312.671 | BN15: ~ | BO15: 2.625 | BP15: 140.01937 | BQ15: =BP15-BP14 -> 0.00025387802 | BR15: 2.625 | BS15: 25179.967 | BT15: ~ | BU15: 2.625 | BV15: 140.01937 | BW15: =BV15-BV14 -> 0.00025521486 | BX15: 2.625 | BY15: 26065.592 | BZ15: ~ | CA15: 2.625 | CB15: 140.01936 | CC15: =CB15-CB14 -> 0.00020966967 | CD15: 2.625 | CE15: 26900.495 | CF15: ~ | CG15: 2.625 | CH15: 140.01918 | CI15: =CH15-CH14 -> 0.00057510865 | CJ15: 2.625 | CK15: 28443.48 | CL15: ~ | CM15: 2.625 | CN15: 140.02655 | CO15: =CN15-CN14 -> -0.0008546729 | CP15: 2.625 | CQ15: 30091.984 | CR15: ~ | CS15: 2.625 | CT15: 139.87686 | CU15: =CT15-CT14 -> -0.017577658 | CV15: 2.625 | CW15: 56472.272 | CX15: ~ | CY15: 2.625 | CZ15: 139.5321 | DA15: =CZ15-CZ14 -> -0.043754724 | DB15: 2.625 | DC15: 95639.733 | DD15: ~ | DG15: =DF15-DF14 -> 0 | DM15: =DL15-DL14 -> 0
A16: 2.875 | B16: 139.92261 | C16: =B16-B15 -> -0.012696771 | D16: 2.875 | E16: 37775.91 | F16: ~ | G16: 2.875 | H16: 139.97013 | I16: =H16-H15 -> -0.0094734914 | J16: 2.875 | K16: 33515.988 | L16: ~ | M16: 2.875 | N16: 140.01841 | O16: =N16-N15 -> -0.0062063291 | P16: 2.875 | Q16: 29219.506 | R16: ~ | S16: 2.875 | T16: 140.02688 | U16: =T16-T15 -> -0.0041699868 | V16: 2.875 | W16: 26474.274 | X16: ~ | Y16: 2.875 | Z16: 140.02493 | AA16: =Z16-Z15 -> -0.0024330513 | AB16: 2.875 | AC16: 24121.886 | AD16: ~ | AE16: 2.875 | AF16: 140.02296 | AG16: =AF16-AF15 -> -0.00066702543 | AH16: 2.875 | AI16: 21755.534 | AJ16: ~ | AK16: 2.875 | AL16: 140.02097 | AM16: =AL16-AL15 -> 0.0011269152 | AN16: 2.875 | AO16: 23042.829 | AP16: ~ | AQ16: 2.875 | AR16: 140.02027 | AS16: =AR16-AR15 -> 0.0010595507 | AT16: 2.875 | AU16: 23561.575 | AV16: ~ | AW16: 2.875 | AX16: 140.01984 | AY16: =AX16-AX15 -> 0.00057715738 | AZ16: 2.875 | BA16: 23442.241 | BB16: ~ | BC16: 2.875 | BD16: 140.01943 | BE16: =BD16-BD15 -> 0.00011678063 | BF16: 2.875 | BG16: 23406.154 | BH16: ~ | BI16: 2.875 | BJ16: 140.01955 | BK16: =BJ16-BJ15 -> 0.00019737421 | BL16: 2.875 | BM16: 24301.476 | BN16: ~ | BO16: 2.875 | BP16: 140.0196 | BQ16: =BP16-BP15 -> 0.00022875673 | BR16: 2.875 | BS16: 25176.828 | BT16: ~ | BU16: 2.875 | BV16: 140.0196 | BW16: =BV16-BV15 -> 0.00023044965 | BX16: 2.875 | BY16: 26062.996 | BZ16: ~ | CA16: 2.875 | CB16: 140.01954 | CC16: =CB16-CB15 -> 0.00017553923 | CD16: 2.875 | CE16: 26883.882 | CF16: ~ | CG16: 2.875 | CH16: 140.0198 | CI16: =CH16-CH15 -> 0.00062294617 | CJ16: 2.875 | CK16: 28549.624 | CL16: ~ | CM16: 2.875 | CN16: 140.02529 | CO16: =CN16-CN15 -> -0.0012577064 | CP16: 2.875 | CQ16: 30610.171 | CR16: ~ | CS16: 2.875 | CT16: 139.85824 | CU16: =CT16-CT15 -> -0.018615014 | CV16: 2.875 | CW16: 57960.382 | CX16: ~ | CY16: 2.875 | CZ16: 139.48848 | DA16: =CZ16-CZ15 -> -0.043622591 | DB16: 2.875 | DC16: 95424.46 | DD16: ~ | DG16: =DF16-DF15 -> 0 | DM16: =DL16-DL15 -> 0
... A385: 380 | B385: 89.821224 | C385: =B385-B384 -> 0 | D385: 380 | E385: 10439.531 | F385: ~ | G385: 380 | H385: 89.821525 | I385: =H385-H384 -> 0 | J385: 380 | K385: 10698.987 | L385: ~ | M385: 380 | N385: 89.821848 | O385: =N385-N384 -> 0 | P385: 380 | Q385: 10989.74 | R385: ~ | S385: 380 | T385: 89.822191 | U385: =T385-T384 -> 0 | V385: 380 | W385: 11310.822 | X385: ~ | Y385: 380 | Z385: 89.822558 | AA385: =Z385-Z384 -> 0 | AB385: 380 | AC385: 11667.42 | AD385: ~ | AE385: 380 | AF385: 89.82295 | AG385: =AF385-AF384 -> 0 | AH385: 380 | AI385: 12062.595 | AJ385: ~ | AK385: 380 | AL385: 89.823367 | AM385: =AL385-AL384 -> 0 | AN385: 380 | AO385: 12499.91 | AP385: ~ | AQ385: 380 | AR385: 89.823814 | AS385: =AR385-AR384 -> 0 | AT385: 380 | AU385: 12984.27 | AV385: ~ | AW385: 380 | AX385: 89.824293 | AY385: =AX385-AX384 -> 0 | AZ385: 380 | BA385: 13521.111 | BB385: ~ | BC385: 380 | BD385: 89.824806 | BE385: =BD385-BD384 -> 0 | BF385: 380 | BG385: 14114.57 | BH385: ~ | BI385: 380 | BJ385: 89.825355 | BK385: =BJ385-BJ384 -> 0 | BL385: 380 | BM385: 14771.446 | BN385: ~ | BO385: 380 | BP385: 89.825946 | BQ385: =BP385-BP384 -> 0 | BR385: 380 | BS385: 15500.421 | BT385: ~ | BU385: 380 | BV385: 89.826575 | BW385: =BV385-BV384 -> 0 | BX385: 380 | BY385: 16299.468 | BZ385: ~ | CA385: 380 | CB385: 89.827221 | CC385: =CB385-CB384 -> 0 | CD385: 380 | CE385: 17142.54 | CF385: ~ | CG385: 380 | CH385: 89.827882 | CI385: =CH385-CH384 -> 0 | CJ385: 380 | CK385: 18029.845 | CL385: ~ | CM385: 380 | CN385: 89.828559 | CO385: =CN385-CN384 -> 0 | CP385: 380 | CQ385: 18961.651 | CR385: ~ | CS385: 380 | CT385: 89.829248 | CU385: =CT385-CT384 -> 0 | CV385: 380 | CW385: 19936.77 | CX385: ~ | CY385: 380 | CZ385: 89.829961 | DA385: =CZ385-CZ384 -> 0 | DB385: 380 | DC385: 20974.715 | DD385: ~ | DG385: =DF385-DF384 -> 0 | DM385: =DL385-DL384 -> 0
