Workbook

Sheet inputs
A2: Input Data
B4: CALM Buoy - Chain Properties
B5: Description | C5: Unit | D5: Value
B6: Type | C6: - | D6: R4, Studless chain
B7: Nominal diameter | C7: mm | D7: 76
B9: CALM Buoy - Clump Weight Properties
B10: Description | C10: Unit | D10: Value
B11: Weight | C11: mT | D11: 5
B12: Location along length of chain from Buoy/ Top of chain | C12: m | D12: 40
B14: Hawser Properties
B15: Description | C15: Unit | D15: Value
B16: Type | C16: - | D16: Nylon Rope
B17: Nominal diameter | C17: mm | D17: 76
B18: Length | C18: m | D18: 40
B20: Environment Data - Operating
B21: Description | C21: Unit | D21: Value
B22: Wave Hs | C22: m | D22: 2.5
B23: Wind | C23: knots | D23: 30
B24: Current | C24: knots | D24: 1.5

Sheet summary
A2: Summary Results
B4: CALM Buoy - Chain Maximum Tension
B5: Operating Condition | C5: Unit | D5: Mooring 1 | E5: Mooring 2 | F5: Mooring 3 | G5: Mooring 4 | H5: Mooring 5 | I5: Mooring 6
B6: 0 deg colinear | C6: kN | D6: =lines!I2 -> 34.085663 | E6: =lines!K2 -> 10.74294 | F6: =lines!M2 -> 14.269388 | G6: =lines!O2 -> 864.59485 | H6: =lines!Q2 -> 811.29108 | I6: =lines!S2 -> 36.235283
B7: 30 deg colinear | C7: kN | D7: =lines!I4 -> 30.492628 | E7: =lines!K4 -> 11.070611 | F7: =lines!M4 -> 10.540855 | G7: =lines!O4 -> 512.41156 | H7: =lines!Q4 -> 2267.6858 | I7: =lines!S4 -> 995.96637
B9: CALM Buoy - 6 DOF | C9: Surge (m) | E9: Sway (m) | G9: Heave (m) | I9: Roll (deg) | K9: Pitch (deg) | M9: Yaw (deg) | O9: Excursion (m)
B10: Operating Condition | C10: Min | D10: Max | E10: =C10 -> Min | F10: =D10 -> Max | G10: =E10 -> Min | H10: =F10 -> Max | I10: =G10 -> Min | J10: =H10 -> Max | K10: =I10 -> Min | L10: =J10 -> Max | ... N10: =L10 -> Max | O10: Max
B11: 0 deg colinear | C11: =buoy!H2 -> -4.219525 | D11: =buoy!I2 -> 5.994467 | E11: =buoy!J2 -> 2.4569 | F11: =buoy!K2 -> 5.067985 | G11: =buoy!L2 -> 0.044765 | H11: =buoy!M2 -> 2.534864 | I11: =buoy!N2 -> -9.150334 | J11: =buoy!O2 -> 0.275512 | ... L11: =buoy!Q2 -> 16.285311 | M11: - | N11: - | O11: =SQRT(SUMSQ(MAX(ABS(C11),ABS(D11)),MAX(ABS(E11),ABS(F11)))) -> 7.8497202
B12: 30 deg colinear | C12: =buoy!H4 -> -3.932572 | D12: =buoy!I4 -> 5.594806 | E12: =buoy!J4 -> 2.28586 | F12: =buoy!K4 -> 7.519471 | G12: =buoy!L4 -> 0.107352 | H12: =buoy!M4 -> 2.328011 | I12: =buoy!N4 -> -12.996533 | J12: =buoy!O4 -> 5.346783 | ... L12: =buoy!Q4 -> 15.245862 | M12: - | N12: - | O12: =SQRT(SUMSQ(MAX(ABS(C12),ABS(D12)),MAX(ABS(E12),ABS(F12)))) -> 9.3725289
B14: Hawser Maximum Tension
B15: Operating Condition | C15: Unit | D15: Value
B16: 0 deg colinear | C16: kN | D16: =lines!U2 -> 150.64287
B17: 30 deg colinear | C17: kN | D17: =lines!U4 -> 196.69308
B19: Crowley 650 - 6 DOF | C19: Surge (m) | E19: Sway (m) | G19: Heave (m) | I19: Roll (deg) | K19: Pitch (deg) | M19: Yaw (deg)
B20: Operating Condition | C20: Min | D20: Max | E20: =C20 -> Min | F20: =D20 -> Max | G20: =E20 -> Min | H20: =F20 -> Max | I20: =G20 -> Min | J20: =H20 -> Max | K20: =I20 -> Min | L20: =J20 -> Max | ... N20: =L20 -> Max
B21: 0 deg colinear | C21: - | D21: - | E21: - | F21: - | G21: =vessel_abs!L2 -> -0.672055 | H21: =vessel_abs!M2 -> 0.629178 | I21: =vessel_abs!N2 -> -8.876005 | J21: =vessel_abs!O2 -> 5.384646 | K21: =vessel_abs!P2 -> -1.578361 | L21: =vessel_abs!Q2 -> 1.767338 | M21: - | N21: -
B22: 30 deg colinear | C22: - | D22: - | E22: - | F22: - | G22: =vessel_abs!L3 -> -0.561445 | H22: =vessel_abs!M3 -> 0.539022 | I22: =vessel_abs!N3 -> -5.675287 | J22: =vessel_abs!O3 -> 5.267534 | K22: =vessel_abs!P3 -> -1.485762 | L22: =vessel_abs!Q3 -> 1.602438 | M22: - | N22: -
B23: * RAOs used are for reference vessel and are conservative. Hull specific diffraction analysis not performed.

Sheet lines
A1: fe_filename | B1: fe_filename_stem | C1: run_status | D1: start_time | E1: stop_time | F1: description | G1: statistic | H1: Mooring1_eff_tension_min | I1: Mooring1_eff_tension_max | J1: Mooring2_eff_tension_min | K1: Mooring2_eff_tension_max | L1: Mooring3_eff_tension_min | M1: Mooring3_eff_tension_max | N1: Mooring4_eff_tension_min | O1: Mooring4_eff_tension_max | P1: Mooring5_eff_tension_min | Q1: Mooring5_eff_tension_max | R1: Mooring6_eff_tension_min | S1: Mooring6_eff_tension_max | T1: Hawser_eff_tension_min | U1: Hawser_eff_tension_max
A2: D:/workspace-hub/digitalmodel/projects/modules/calm/baltic_039m/TEST_OPERABILITY/orcaflex/analysis_models/CALM_atb_000deg_1yr_simple.sim | B2: CALM_atb_000deg_1yr_simple | C2: SimulationStopped | D2: -10 | E2: 100 | H2: 0.771144 | I2: 34.085663 | J2: 3.137021 | K2: 10.74294 | L2: 3.528061 | M2: 14.269388 | N2: 1.990455 | O2: 864.59485 | P2: 4.271835 | Q2: 811.29108 | R2: 4.214645 | S2: 36.235283 | T2: 0.106619 | U2: 150.64287
A3: D:/workspace-hub/digitalmodel/projects/modules/calm/baltic_039m/TEST_OPERABILITY/orcaflex/analysis_models/CALM_atb_000deg_no_load.sim | B3: CALM_atb_000deg_no_load | C3: SimulationStopped | D3: -10 | E3: 100 | H3: 10.975855 | I3: 33.541046 | J3: 6.406301 | K3: 8.416516 | L3: 3.618 | M3: 12.686366 | N3: 3.736449 | O3: 10.779613 | P3: 6.957772 | Q3: 10.535887 | R3: 17.881166 | S3: 33.926495 | T3: 0.158076 | U3: 1.237964
A4: D:/workspace-hub/digitalmodel/projects/modules/calm/baltic_039m/TEST_OPERABILITY/orcaflex/analysis_models/CALM_atb_030deg_1yr_simple.sim | B4: CALM_atb_030deg_1yr_simple | C4: SimulationStopped | D4: -10 | E4: 100 | H4: 1.328982 | I4: 30.492628 | J4: 1.533766 | K4: 11.070611 | L4: 4.039737 | M4: 10.540855 | N4: 2.61651 | O4: 512.41156 | P4: 0.8642 | Q4: 2267.6858 | R4: 5.988318 | S4: 995.96637 | T4: -0.000564 | U4: 196.69308
A5: D:/workspace-hub/digitalmodel/projects/modules/calm/baltic_039m/TEST_OPERABILITY/orcaflex/analysis_models/NSE_CALM_001_000deg_1yr_simple.sim | B5: NSE_CALM_001_000deg_1yr_simple | C5: SimulationStopped | D5: -10 | E5: 100 | H5: 1.013991 | I5: 34.506462 | J5: 3.149092 | K5: 10.5901 | L5: 1.745537 | M5: 13.501179 | N5: 0.295156 | O5: 180.69757 | P5: 4.256668 | Q5: 1058.7113 | R5: 4.471623 | S5: 37.608948 | T5: 0.117209 | U5: 120.57124
A6: D:/workspace-hub/digitalmodel/projects/modules/calm/baltic_039m/TEST_OPERABILITY/orcaflex/analysis_models/NSE_CALM_001_000deg_no_load.sim | B6: NSE_CALM_001_000deg_no_load | C6: SimulationStopped | D6: -10 | E6: 100 | H6: 10.967392 | I6: 33.541054 | J6: 6.424398 | K6: 8.416516 | L6: 4.813227 | M6: 11.877187 | N6: 5.123261 | O6: 9.810262 | P6: 6.95782 | Q6: 10.534892 | R6: 17.902376 | S6: 33.926498 | T6: 0.160095 | U6: 1.237965
A7: D:/workspace-hub/digitalmodel/projects/modules/calm/baltic_039m/TEST_OPERABILITY/orcaflex/analysis_models/NSE_CALM_001_030deg_1yr_simple.sim | B7: NSE_CALM_001_030deg_1yr_simple | C7: SimulationStopped | D7: -10 | E7: 100 | H7: 1.622276 | I7: 30.453878 | J7: 1.958665 | K7: 11.22582 | L7: 3.938172 | M7: 9.178602 | N7: 1.525856 | O7: 21.974678 | P7: 0.49964 | Q7: 976.58173 | R7: 10.170781 | S7: 669.33527 | T7: 0.048389 | U7: 119.84232

Sheet buoy
A1: fe_filename | B1: fe_filename_stem | C1: run_status | D1: start_time | E1: stop_time | F1: description | G1: statistic | H1: CALMTop_X_abs_min | I1: CALMTop_X_abs_max | J1: CALMTop_Y_abs_min | K1: CALMTop_Y_abs_max | L1: CALMTop_Z_abs_min | M1: CALMTop_Z_abs_max | N1: CALMTop_R1_abs_min | O1: CALMTop_R1_abs_max | P1: CALMTop_R2_abs_min | Q1: CALMTop_R2_abs_max | R1: CALMTop_R3_abs_min | S1: CALMTop_R3_abs_max
A2: D:/workspace-hub/digitalmodel/projects/modules/calm/baltic_039m/TEST_OPERABILITY/orcaflex/analysis_models/CALM_atb_000deg_1yr_simple.sim | B2: CALM_atb_000deg_1yr_simple | C2: SimulationStopped | D2: -10 | E2: 100 | H2: -4.219525 | I2: 5.994467 | J2: 2.4569 | K2: 5.067985 | L2: 0.044765 | M2: 2.534864 | N2: -9.150334 | O2: 0.275512 | P2: -13.648834 | Q2: 16.285311 | R2: -104.89181 | S2: -12.041887
A3: D:/workspace-hub/digitalmodel/projects/modules/calm/baltic_039m/TEST_OPERABILITY/orcaflex/analysis_models/CALM_atb_000deg_no_load.sim | B3: CALM_atb_000deg_no_load | C3: SimulationStopped | D3: -10 | E3: 100 | H3: -4.404708 | I3: -1.613373 | J3: 2.394362 | K3: 2.748421 | L3: 0.533064 | M3: 2.288856 | N3: -2.376008 | O3: -0.40455 | P3: -9.465113 | Q3: 8.492973 | R3: -47.105639 | S3: -6.482549
A4: D:/workspace-hub/digitalmodel/projects/modules/calm/baltic_039m/TEST_OPERABILITY/orcaflex/analysis_models/CALM_atb_030deg_1yr_simple.sim | B4: CALM_atb_030deg_1yr_simple | C4: SimulationStopped | D4: -10 | E4: 100 | H4: -3.932572 | I4: 5.594806 | J4: 2.28586 | K4: 7.519471 | L4: 0.107352 | M4: 2.328011 | N4: -12.996533 | O4: 5.346783 | P4: -11.992942 | Q4: 15.245862 | R4: -117.43689 | S4: -14.424758
A5: D:/workspace-hub/digitalmodel/projects/modules/calm/baltic_039m/TEST_OPERABILITY/orcaflex/analysis_models/NSE_CALM_001_000deg_1yr_simple.sim | B5: NSE_CALM_001_000deg_1yr_simple | C5: SimulationStopped | D5: -10 | E5: 100 | H5: -4.164919 | I5: 5.459148 | J5: 2.523174 | K5: 5.684105 | L5: -0.036746 | M5: 2.463415 | N5: -10.917809 | O5: 2.037178 | P5: -13.588663 | Q5: 19.03817 | R5: -81.424345 | S5: -7.855971
A6: D:/workspace-hub/digitalmodel/projects/modules/calm/baltic_039m/TEST_OPERABILITY/orcaflex/analysis_models/NSE_CALM_001_000deg_no_load.sim | B6: NSE_CALM_001_000deg_no_load | C6: SimulationStopped | D6: -10 | E6: 100 | H6: -4.404709 | I6: -1.610965 | J6: 2.394362 | K6: 2.749131 | L6: 0.533133 | M6: 2.288648 | N6: -2.378718 | O6: -0.40082 | P6: -9.464237 | Q6: 8.49516 | R6: -47.60633 | S6: -6.482612
A7: D:/workspace-hub/digitalmodel/projects/modules/calm/baltic_039m/TEST_OPERABILITY/orcaflex/analysis_models/NSE_CALM_001_030deg_1yr_simple.sim | B7: NSE_CALM_001_030deg_1yr_simple | C7: SimulationStopped | D7: -10 | E7: 100 | H7: -3.885763 | I7: 3.195329 | J7: 2.510959 | K7: 7.178373 | L7: 0.062179 | M7: 2.487485 | N7: -13.005087 | O7: 4.92606 | P7: -12.403962 | Q7: 14.950039 | R7: -79.851257 | S7: -5.936869

Sheet vessel_abs
A1: fe_filename | B1: fe_filename_stem | C1: run_status | D1: start_time | E1: stop_time | F1: description | G1: statistic | H1: vessel1_X_abs_min | I1: vessel1_X_abs_max | J1: vessel1_Y_abs_min | K1: vessel1_Y_abs_max | L1: vessel1_Z_abs_min | M1: vessel1_Z_abs_max | N1: vessel1_R1_abs_min | O1: vessel1_R1_abs_max | P1: vessel1_R2_abs_min | Q1: vessel1_R2_abs_max | R1: vessel1_R3_abs_min | S1: vessel1_R3_abs_max
A2: D:/workspace-hub/digitalmodel/projects/modules/calm/baltic_039m/TEST_OPERABILITY/orcaflex/analysis_models/CALM_atb_000deg_1yr_simple.sim | B2: CALM_atb_000deg_1yr_simple | C2: SimulationStopped | D2: -10 | E2: 100 | H2: -53.116329 | I2: 93.038834 | J2: 54.544998 | K2: 95.151039 | L2: -0.672055 | M2: 0.629178 | N2: -8.876005 | O2: 5.384646 | P2: -1.578361 | Q2: 1.767338 | R2: -153.74621 | S2: -55.411614
A3: D:/workspace-hub/digitalmodel/projects/modules/calm/baltic_039m/TEST_OPERABILITY/orcaflex/analysis_models/CALM_atb_000deg_no_load.sim | B3: CALM_atb_000deg_no_load | C3: SimulationStopped | D3: -10 | E3: 100 | H3: -55.721977 | I3: -30.667574 | J3: 79.281807 | K3: 80.489845 | L3: -0.561445 | M3: 0.539022 | N3: -5.675287 | O3: 5.267534 | P3: -1.485762 | Q3: 1.602438 | R3: -56.501114 | S3: -53.327897
A4: D:/workspace-hub/digitalmodel/projects/modules/calm/baltic_039m/TEST_OPERABILITY/orcaflex/analysis_models/CALM_atb_030deg_1yr_simple.sim | B4: CALM_atb_030deg_1yr_simple | C4: SimulationStopped | D4: -10 | E4: 100 | H4: -53.5285 | I4: 82.01255 | J4: 53.746449 | K4: 106.63814 | L4: -1.042381 | M4: 0.981702 | N4: -16.965601 | O4: 15.496741 | P4: -2.333239 | Q4: 1.99747 | R4: -131.36208 | S4: -54.921558
A5: D:/workspace-hub/digitalmodel/projects/modules/calm/baltic_039m/TEST_OPERABILITY/orcaflex/analysis_models/NSE_CALM_001_000deg_1yr_simple.sim | B5: NSE_CALM_001_000deg_1yr_simple | C5: SimulationStopped | D5: -10 | E5: 100 | H5: -55.068821 | I5: 27.820372 | J5: 79.913048 | K5: 92.829491 | L5: -0.608825 | M5: 0.652421 | N5: -7.270216 | O5: 6.090924 | P5: -2.309924 | Q5: 2.389036 | R5: -89.673192 | S5: -54.863781
A6: D:/workspace-hub/digitalmodel/projects/modules/calm/baltic_039m/TEST_OPERABILITY/orcaflex/analysis_models/NSE_CALM_001_000deg_no_load.sim | B6: NSE_CALM_001_000deg_no_load | C6: SimulationStopped | D6: -10 | E6: 100 | H6: -55.721973 | I6: -30.109489 | J6: 79.282234 | K6: 80.67382 | L6: -0.561444 | M6: 0.539021 | N6: -5.714187 | O6: 5.293135 | P6: -1.485753 | Q6: 1.602434 | R6: -56.649521 | S6: -53.324103
A7: D:/workspace-hub/digitalmodel/projects/modules/calm/baltic_039m/TEST_OPERABILITY/orcaflex/analysis_models/NSE_CALM_001_030deg_1yr_simple.sim | B7: NSE_CALM_001_030deg_1yr_simple | C7: SimulationStopped | D7: -10 | E7: 100 | H7: -55.616703 | I7: 46.376724 | J7: 80.087547 | K7: 98.498627 | L7: -1.395085 | M7: 1.499576 | N7: -14.069989 | O7: 13.213725 | P7: -1.029966 | Q7: 1.053007 | R7: -114.02174 | S7: -54.416247
